"id","date","total_steps","total_distance","tracker_distance","logged_activities_distance","very_active_distance","moderately_active_distance","light_active_distance","sedentary_active_distance","very_active_minutes","fairly_active_minutes","lightly_active_minutes","sedentary_minutes","total_sleep_records","total_minutes_asleep","total_time_in_bed","step_total","calories","day"
1503960366,"2016-04-12",13162,8.5,8.5,0,1.87999999523163,0.550000011920929,6.05999994277954,0,25,13,328,728,1,327,346,13162,1985,"Tue"
1503960366,"2016-04-13",10735,6.96999979019165,6.96999979019165,0,1.57000005245209,0.689999997615814,4.71000003814697,0,21,19,217,776,2,384,407,10735,1797,"Wed"
1503960366,"2016-04-14",10460,6.73999977111816,6.73999977111816,0,2.44000005722046,0.400000005960464,3.91000008583069,0,30,11,181,1218,NA,NA,NA,10460,1776,"Thu"
1503960366,"2016-04-15",9762,6.28000020980835,6.28000020980835,0,2.14000010490417,1.25999999046326,2.82999992370605,0,29,34,209,726,1,412,442,9762,1745,"Fri"
1503960366,"2016-04-16",12669,8.15999984741211,8.15999984741211,0,2.71000003814697,0.409999996423721,5.03999996185303,0,36,10,221,773,2,340,367,12669,1863,"Sat"
1503960366,"2016-04-17",9705,6.48000001907349,6.48000001907349,0,3.19000005722046,0.779999971389771,2.50999999046326,0,38,20,164,539,1,700,712,9705,1728,"Sun"
1503960366,"2016-04-18",13019,8.59000015258789,8.59000015258789,0,3.25,0.639999985694885,4.71000003814697,0,42,16,233,1149,NA,NA,NA,13019,1921,"Mon"
1503960366,"2016-04-19",15506,9.88000011444092,9.88000011444092,0,3.52999997138977,1.32000005245209,5.03000020980835,0,50,31,264,775,1,304,320,15506,2035,"Tue"
1503960366,"2016-04-20",10544,6.67999982833862,6.67999982833862,0,1.96000003814697,0.479999989271164,4.23999977111816,0,28,12,205,818,1,360,377,10544,1786,"Wed"
1503960366,"2016-04-21",9819,6.34000015258789,6.34000015258789,0,1.3400000333786,0.349999994039536,4.65000009536743,0,19,8,211,838,1,325,364,9819,1775,"Thu"
1503960366,"2016-04-22",12764,8.13000011444092,8.13000011444092,0,4.76000022888184,1.12000000476837,2.24000000953674,0,66,27,130,1217,NA,NA,NA,12764,1827,"Fri"
1503960366,"2016-04-23",14371,9.03999996185303,9.03999996185303,0,2.80999994277954,0.870000004768372,5.3600001335144,0,41,21,262,732,1,361,384,14371,1949,"Sat"
1503960366,"2016-04-24",10039,6.40999984741211,6.40999984741211,0,2.92000007629395,0.209999993443489,3.27999997138977,0,39,5,238,709,1,430,449,10039,1788,"Sun"
1503960366,"2016-04-25",15355,9.80000019073486,9.80000019073486,0,5.28999996185303,0.569999992847443,3.94000005722046,0,73,14,216,814,1,277,323,15355,2013,"Mon"
1503960366,"2016-04-26",13755,8.78999996185303,8.78999996185303,0,2.32999992370605,0.920000016689301,5.53999996185303,0,31,23,279,833,1,245,274,13755,1970,"Tue"
1503960366,"2016-04-27",18134,12.210000038147,12.210000038147,0,6.40000009536743,0.409999996423721,5.40999984741211,0,78,11,243,1108,NA,NA,NA,18134,2159,"Wed"
1503960366,"2016-04-28",13154,8.52999973297119,8.52999973297119,0,3.53999996185303,1.1599999666214,3.78999996185303,0,48,28,189,782,1,366,393,13154,1898,"Thu"
1503960366,"2016-04-29",11181,7.15000009536743,7.15000009536743,0,1.05999994277954,0.5,5.57999992370605,0,16,12,243,815,1,341,354,11181,1837,"Fri"
1503960366,"2016-04-30",14673,9.25,9.25,0,3.55999994277954,1.41999995708466,4.26999998092651,0,52,34,217,712,1,404,425,14673,1947,"Sat"
1503960366,"2016-05-01",10602,6.80999994277954,6.80999994277954,0,2.28999996185303,1.60000002384186,2.92000007629395,0,33,35,246,730,1,369,396,10602,1820,"Sun"
1503960366,"2016-05-02",14727,9.71000003814697,9.71000003814697,0,3.21000003814697,0.569999992847443,5.92000007629395,0,41,15,277,798,1,277,309,14727,2004,"Mon"
1503960366,"2016-05-03",15103,9.65999984741211,9.65999984741211,0,3.73000001907349,1.04999995231628,4.88000011444092,0,50,24,254,816,1,273,296,15103,1990,"Tue"
1503960366,"2016-05-04",11100,7.15000009536743,7.15000009536743,0,2.46000003814697,0.870000004768372,3.8199999332428,0,36,22,203,1179,NA,NA,NA,11100,1819,"Wed"
1503960366,"2016-05-05",14070,8.89999961853027,8.89999961853027,0,2.92000007629395,1.08000004291534,4.88000011444092,0,45,24,250,857,1,247,264,14070,1959,"Thu"
1503960366,"2016-05-06",12159,8.02999973297119,8.02999973297119,0,1.97000002861023,0.25,5.80999994277954,0,24,6,289,754,1,334,367,12159,1896,"Fri"
1503960366,"2016-05-07",11992,7.71000003814697,7.71000003814697,0,2.46000003814697,2.11999988555908,3.13000011444092,0,37,46,175,833,1,331,349,11992,1821,"Sat"
1503960366,"2016-05-08",10060,6.57999992370605,6.57999992370605,0,3.52999997138977,0.319999992847443,2.73000001907349,0,44,8,203,574,1,594,611,10060,1740,"Sun"
1503960366,"2016-05-09",12022,7.71999979019165,7.71999979019165,0,3.45000004768372,0.529999971389771,3.74000000953674,0,46,11,206,835,1,338,342,12022,1819,"Mon"
1503960366,"2016-05-10",12207,7.76999998092651,7.76999998092651,0,3.34999990463257,1.1599999666214,3.25999999046326,0,46,31,214,746,1,383,403,12207,1859,"Tue"
1503960366,"2016-05-11",12770,8.13000011444092,8.13000011444092,0,2.55999994277954,1.00999999046326,4.55000019073486,0,36,23,251,669,1,285,306,12770,1783,"Wed"
1503960366,"2016-05-12",0,0,0,0,0,0,0,0,0,0,0,1440,NA,NA,NA,0,0,"Thu"
1624580081,"2016-04-12",8163,5.30999994277954,5.30999994277954,0,0,0,5.30999994277954,0,0,0,146,1294,NA,NA,NA,8163,1432,"Tue"
1624580081,"2016-04-13",7007,4.55000019073486,4.55000019073486,0,0,0,4.55000019073486,0,0,0,148,1292,NA,NA,NA,7007,1411,"Wed"
1624580081,"2016-04-14",9107,5.92000007629395,5.92000007629395,0,0,0,5.90999984741211,0.00999999977648258,0,0,236,1204,NA,NA,NA,9107,1572,"Thu"
1624580081,"2016-04-15",1510,0.980000019073486,0.980000019073486,0,0,0,0.970000028610229,0,0,0,96,1344,NA,NA,NA,1510,1344,"Fri"
1624580081,"2016-04-16",5370,3.49000000953674,3.49000000953674,0,0,0,3.49000000953674,0,0,0,176,1264,NA,NA,NA,5370,1463,"Sat"
1624580081,"2016-04-17",6175,4.05999994277954,4.05999994277954,0,1.02999997138977,1.51999998092651,1.49000000953674,0.00999999977648258,15,22,127,1276,NA,NA,NA,6175,1554,"Sun"
1624580081,"2016-04-18",10536,7.40999984741211,7.40999984741211,0,2.15000009536743,0.620000004768372,4.61999988555908,0.00999999977648258,17,7,202,1214,NA,NA,NA,10536,1604,"Mon"
1624580081,"2016-04-19",2916,1.89999997615814,1.89999997615814,0,0,0,1.89999997615814,0,0,0,141,1299,NA,NA,NA,2916,1435,"Tue"
1624580081,"2016-04-20",4974,3.23000001907349,3.23000001907349,0,0,0,3.23000001907349,0,0,0,151,1289,NA,NA,NA,4974,1446,"Wed"
1624580081,"2016-04-21",6349,4.13000011444092,4.13000011444092,0,0,0,4.1100001335144,0.0199999995529652,0,0,186,1254,NA,NA,NA,6349,1467,"Thu"
1624580081,"2016-04-22",4026,2.61999988555908,2.61999988555908,0,0,0,2.59999990463257,0,0,0,199,1241,NA,NA,NA,4026,1470,"Fri"
1624580081,"2016-04-23",8538,5.55000019073486,5.55000019073486,0,0,0,5.53999996185303,0.00999999977648258,0,0,227,1213,NA,NA,NA,8538,1562,"Sat"
1624580081,"2016-04-24",6076,3.95000004768372,3.95000004768372,0,1.14999997615814,0.910000026226044,1.88999998569489,0,16,18,185,1221,NA,NA,NA,6076,1617,"Sun"
1624580081,"2016-04-25",6497,4.21999979019165,4.21999979019165,0,0,0,4.19999980926514,0.0199999995529652,0,0,202,1238,NA,NA,NA,6497,1492,"Mon"
1624580081,"2016-04-26",2826,1.8400000333786,1.8400000333786,0,0,0,1.83000004291534,0.00999999977648258,0,0,140,1300,NA,NA,NA,2826,1402,"Tue"
1624580081,"2016-04-27",8367,5.44000005722046,5.44000005722046,0,1.11000001430511,1.87000000476837,2.46000003814697,0,17,36,154,1233,NA,NA,NA,8367,1670,"Wed"
1624580081,"2016-04-28",2759,1.78999996185303,1.78999996185303,0,0,0.200000002980232,1.60000002384186,0,0,5,115,1320,NA,NA,NA,2759,1401,"Thu"
1624580081,"2016-04-29",2390,1.54999995231628,1.54999995231628,0,0,0,1.54999995231628,0,0,0,150,1290,NA,NA,NA,2390,1404,"Fri"
1624580081,"2016-04-30",6474,4.30000019073486,4.30000019073486,0,0.899999976158142,1.27999997138977,2.11999988555908,0.00999999977648258,11,23,224,1182,NA,NA,NA,6474,1655,"Sat"
1624580081,"2016-05-01",36019,28.0300006866455,28.0300006866455,0,21.9200000762939,4.19000005722046,1.9099999666214,0.0199999995529652,186,63,171,1020,NA,NA,NA,36019,2690,"Sun"
1624580081,"2016-05-02",7155,4.92999982833862,4.92999982833862,0,0.860000014305115,0.589999973773956,3.47000002861023,0,7,6,166,1261,NA,NA,NA,7155,1497,"Mon"
1624580081,"2016-05-03",2100,1.37000000476837,1.37000000476837,0,0,0,1.3400000333786,0.0199999995529652,0,0,96,1344,NA,NA,NA,2100,1334,"Tue"
1624580081,"2016-05-04",2193,1.42999994754791,1.42999994754791,0,0,0,1.41999995708466,0,0,0,118,1322,NA,NA,NA,2193,1368,"Wed"
1624580081,"2016-05-05",2470,1.61000001430511,1.61000001430511,0,0,0,1.58000004291534,0.0199999995529652,0,0,117,1323,NA,NA,NA,2470,1370,"Thu"
1624580081,"2016-05-06",1727,1.12000000476837,1.12000000476837,0,0,0,1.12000000476837,0.00999999977648258,0,0,102,1338,NA,NA,NA,1727,1341,"Fri"
1624580081,"2016-05-07",2104,1.37000000476837,1.37000000476837,0,0,0,1.37000000476837,0,0,0,182,1258,NA,NA,NA,2104,1474,"Sat"
1624580081,"2016-05-08",3427,2.23000001907349,2.23000001907349,0,0,0,2.22000002861023,0,0,0,152,1288,NA,NA,NA,3427,1427,"Sun"
1624580081,"2016-05-09",1732,1.12999999523163,1.12999999523163,0,0,0,1.12999999523163,0,0,0,91,1349,NA,NA,NA,1732,1328,"Mon"
1624580081,"2016-05-10",2969,1.92999994754791,1.92999994754791,0,0,0,1.91999995708466,0.00999999977648258,0,0,139,1301,NA,NA,NA,2969,1393,"Tue"
1624580081,"2016-05-11",3134,2.03999996185303,2.03999996185303,0,0,0,2.03999996185303,0,0,0,112,1328,NA,NA,NA,3134,1359,"Wed"
1624580081,"2016-05-12",2971,1.92999994754791,1.92999994754791,0,0,0,1.91999995708466,0.00999999977648258,0,0,107,890,NA,NA,NA,2971,1002,"Thu"
1644430081,"2016-04-12",10694,7.76999998092651,7.76999998092651,0,0.140000000596046,2.29999995231628,5.32999992370605,0,2,51,256,1131,NA,NA,NA,10694,3199,"Tue"
1644430081,"2016-04-13",8001,5.82000017166138,5.82000017166138,0,2.27999997138977,0.899999976158142,2.64000010490417,0,30,16,135,1259,NA,NA,NA,8001,2902,"Wed"
1644430081,"2016-04-14",11037,8.02000045776367,8.02000045776367,0,0.360000014305115,2.55999994277954,5.09999990463257,0,5,58,252,1125,NA,NA,NA,11037,3226,"Thu"
1644430081,"2016-04-15",5263,3.82999992370605,3.82999992370605,0,0.219999998807907,0.150000005960464,3.45000004768372,0,3,4,170,1263,NA,NA,NA,5263,2750,"Fri"
1644430081,"2016-04-16",15300,11.1199998855591,11.1199998855591,0,4.09999990463257,1.87999999523163,5.09000015258789,0,51,42,212,1135,NA,NA,NA,15300,3493,"Sat"
1644430081,"2016-04-17",8757,6.36999988555908,6.36999988555908,0,2.25,0.569999992847443,3.54999995231628,0,29,13,186,1212,NA,NA,NA,8757,3011,"Sun"
1644430081,"2016-04-18",7132,5.19000005722046,5.19000005722046,0,1.07000005245209,1.66999995708466,2.45000004768372,0,15,33,121,1271,NA,NA,NA,7132,2806,"Mon"
1644430081,"2016-04-19",11256,8.18000030517578,8.18000030517578,0,0.360000014305115,2.52999997138977,5.30000019073486,0,5,58,278,1099,NA,NA,NA,11256,3300,"Tue"
1644430081,"2016-04-20",2436,1.76999998092651,1.76999998092651,0,0,0,1.75999999046326,0.00999999977648258,0,0,125,1315,NA,NA,NA,2436,2430,"Wed"
1644430081,"2016-04-21",1223,0.889999985694885,0.889999985694885,0,0,0,0.879999995231628,0.00999999977648258,0,0,38,1402,NA,NA,NA,1223,2140,"Thu"
1644430081,"2016-04-22",3673,2.67000007629395,2.67000007629395,0,0,0,2.66000008583069,0.00999999977648258,0,0,86,1354,NA,NA,NA,3673,2344,"Fri"
1644430081,"2016-04-23",6637,4.82999992370605,4.82999992370605,0,0,0.579999983310699,4.25,0,0,15,160,1265,NA,NA,NA,6637,2677,"Sat"
1644430081,"2016-04-24",3321,2.41000008583069,2.41000008583069,0,0,0,2.41000008583069,0,0,0,89,1351,NA,NA,NA,3321,2413,"Sun"
1644430081,"2016-04-25",3580,2.59999990463257,2.59999990463257,0,0.589999973773956,0.0599999986588955,1.95000004768372,0,8,1,94,1337,NA,NA,NA,3580,2497,"Mon"
1644430081,"2016-04-26",9919,7.21000003814697,7.21000003814697,0,0.800000011920929,1.72000002861023,4.69000005722046,0,11,41,223,1165,NA,NA,NA,9919,3123,"Tue"
1644430081,"2016-04-27",3032,2.20000004768372,2.20000004768372,0,0,0,2.20000004768372,0,0,0,118,1322,NA,NA,NA,3032,2489,"Wed"
1644430081,"2016-04-28",9405,6.84000015258789,6.84000015258789,0,0.200000002980232,2.3199999332428,4.30999994277954,0,3,53,227,1157,NA,NA,NA,9405,3108,"Thu"
1644430081,"2016-04-29",3176,2.30999994277954,2.30999994277954,0,0,0,2.30999994277954,0,0,0,120,1193,1,119,127,3176,2498,"Fri"
1644430081,"2016-04-30",18213,13.2399997711182,13.2399997711182,0,0.629999995231628,3.14000010490417,9.46000003814697,0,9,71,402,816,1,124,142,18213,3846,"Sat"
1644430081,"2016-05-01",6132,4.46000003814697,4.46000003814697,0,0.239999994635582,0.990000009536743,3.23000001907349,0,3,24,146,908,NA,NA,NA,6132,2696,"Sun"
1644430081,"2016-05-02",3758,2.73000001907349,2.73000001907349,0,0.0700000002980232,0.310000002384186,2.34999990463257,0,1,7,148,682,1,796,961,3758,2580,"Mon"
1644430081,"2016-05-03",12850,9.34000015258789,9.34000015258789,0,0.720000028610229,4.09000015258789,4.53999996185303,0,10,94,221,1115,NA,NA,NA,12850,3324,"Tue"
1644430081,"2016-05-04",2309,1.67999994754791,1.67999994754791,0,0,0,1.6599999666214,0.0199999995529652,0,0,52,1388,NA,NA,NA,2309,2222,"Wed"
1644430081,"2016-05-05",4363,3.19000005722046,3.19000005722046,0,0.519999980926514,0.540000021457672,2.13000011444092,0.00999999977648258,6,12,81,1341,NA,NA,NA,4363,2463,"Thu"
1644430081,"2016-05-06",9787,7.11999988555908,7.11999988555908,0,0.819999992847443,0.270000010728836,6.01000022888184,0.0199999995529652,11,6,369,1054,NA,NA,NA,9787,3328,"Fri"
1644430081,"2016-05-07",13372,9.72000026702881,9.72000026702881,0,3.25999999046326,0.790000021457672,5.67000007629395,0.00999999977648258,41,17,243,1139,NA,NA,NA,13372,3404,"Sat"
1644430081,"2016-05-08",6724,4.8899998664856,4.8899998664856,0,0,0,4.88000011444092,0,0,0,295,991,1,137,154,6724,2987,"Sun"
1644430081,"2016-05-09",6643,4.82999992370605,4.82999992370605,0,2.39000010490417,0.349999994039536,2.08999991416931,0.00999999977648258,32,6,303,1099,NA,NA,NA,6643,3008,"Mon"
1644430081,"2016-05-10",9167,6.65999984741211,6.65999984741211,0,0.879999995231628,0.810000002384186,4.96999979019165,0.00999999977648258,12,19,155,1254,NA,NA,NA,9167,2799,"Tue"
1644430081,"2016-05-11",1329,0.970000028610229,0.970000028610229,0,0,0,0.949999988079071,0.00999999977648258,0,0,49,713,NA,NA,NA,1329,1276,"Wed"
1844505072,"2016-04-12",6697,4.42999982833862,4.42999982833862,0,0,0,4.42999982833862,0,0,0,339,1101,NA,NA,NA,6697,2030,"Tue"
1844505072,"2016-04-13",4929,3.25999999046326,3.25999999046326,0,0,0,3.25999999046326,0,0,0,248,1192,NA,NA,NA,4929,1860,"Wed"
1844505072,"2016-04-14",7937,5.25,5.25,0,0,0,5.23000001907349,0,0,0,373,843,NA,NA,NA,7937,2130,"Thu"
1844505072,"2016-04-15",3844,2.53999996185303,2.53999996185303,0,0,0,2.53999996185303,0,0,0,176,527,1,644,961,3844,1725,"Fri"
1844505072,"2016-04-16",3414,2.25999999046326,2.25999999046326,0,0,0,2.25999999046326,0,0,0,147,1293,NA,NA,NA,3414,1657,"Sat"
1844505072,"2016-04-17",4525,2.99000000953674,2.99000000953674,0,0.140000000596046,0.259999990463257,2.58999991416931,0,2,8,199,1231,NA,NA,NA,4525,1793,"Sun"
1844505072,"2016-04-18",4597,3.03999996185303,3.03999996185303,0,0,0.479999989271164,2.55999994277954,0,0,12,217,1211,NA,NA,NA,4597,1814,"Mon"
1844505072,"2016-04-19",197,0.129999995231628,0.129999995231628,0,0,0,0.129999995231628,0,0,0,10,1430,NA,NA,NA,197,1366,"Tue"
1844505072,"2016-04-20",8,0.00999999977648258,0.00999999977648258,0,0,0,0.00999999977648258,0,0,0,1,1439,NA,NA,NA,8,1349,"Wed"
1844505072,"2016-04-21",8054,5.32000017166138,5.32000017166138,0,0.119999997317791,0.519999980926514,4.67999982833862,0,2,13,308,1117,NA,NA,NA,8054,2062,"Thu"
1844505072,"2016-04-22",5372,3.54999995231628,3.54999995231628,0,0,0,3.54999995231628,0,0,0,220,1220,NA,NA,NA,5372,1827,"Fri"
1844505072,"2016-04-23",3570,2.35999989509583,2.35999989509583,0,0,0,2.35999989509583,0,0,0,139,1301,NA,NA,NA,3570,1645,"Sat"
1844505072,"2016-04-24",0,0,0,0,0,0,0,0,0,0,0,1440,NA,NA,NA,0,1347,"Sun"
1844505072,"2016-04-25",0,0,0,0,0,0,0,0,0,0,0,1440,NA,NA,NA,0,1347,"Mon"
1844505072,"2016-04-26",0,0,0,0,0,0,0,0,0,0,0,1440,NA,NA,NA,0,1347,"Tue"
1844505072,"2016-04-27",4,0,0,0,0,0,0,0,0,0,1,1439,NA,NA,NA,4,1348,"Wed"
1844505072,"2016-04-28",6907,4.57000017166138,4.57000017166138,0,0,0,4.55999994277954,0,0,0,302,1138,NA,NA,NA,6907,1992,"Thu"
1844505072,"2016-04-29",4920,3.25,3.25,0,0,0,3.25,0,0,0,247,1082,NA,NA,NA,4920,1856,"Fri"
1844505072,"2016-04-30",4014,2.67000007629395,2.67000007629395,0,0,0,2.65000009536743,0,0,0,184,218,1,722,961,4014,1763,"Sat"
1844505072,"2016-05-01",2573,1.70000004768372,1.70000004768372,0,0,0.259999990463257,1.45000004768372,0,0,7,75,585,1,590,961,2573,1541,"Sun"
1844505072,"2016-05-02",0,0,0,0,0,0,0,0,0,0,0,1440,NA,NA,NA,0,1348,"Mon"
1844505072,"2016-05-03",4059,2.6800000667572,2.6800000667572,0,0,0,2.6800000667572,0,0,0,184,1256,NA,NA,NA,4059,1742,"Tue"
1844505072,"2016-05-04",2080,1.37000000476837,1.37000000476837,0,0,0,1.37000000476837,0,0,0,87,1353,NA,NA,NA,2080,1549,"Wed"
1844505072,"2016-05-05",2237,1.48000001907349,1.48000001907349,0,0,0,1.48000001907349,0,0,0,120,1320,NA,NA,NA,2237,1589,"Thu"
1844505072,"2016-05-06",44,0.0299999993294477,0.0299999993294477,0,0,0,0.0299999993294477,0,0,0,2,1438,NA,NA,NA,44,1351,"Fri"
1844505072,"2016-05-07",0,0,0,0,0,0,0,0,0,0,0,1440,NA,NA,NA,0,1347,"Sat"
1844505072,"2016-05-08",0,0,0,0,0,0,0,0,0,0,0,1440,NA,NA,NA,0,1347,"Sun"
1844505072,"2016-05-09",0,0,0,0,0,0,0,0,0,0,0,1440,NA,NA,NA,0,1347,"Mon"
1844505072,"2016-05-10",0,0,0,0,0,0,0,0,0,0,0,1440,NA,NA,NA,0,1347,"Tue"
1844505072,"2016-05-11",0,0,0,0,0,0,0,0,0,0,0,1440,NA,NA,NA,0,1347,"Wed"
1844505072,"2016-05-12",0,0,0,0,0,0,0,0,0,0,0,711,NA,NA,NA,0,665,"Thu"
1927972279,"2016-04-12",678,0.469999998807907,0.469999998807907,0,0,0,0.469999998807907,0,0,0,55,734,3,750,775,678,2220,"Tue"
1927972279,"2016-04-13",356,0.25,0.25,0,0,0,0.25,0,0,0,32,986,1,398,422,356,2151,"Wed"
1927972279,"2016-04-14",2163,1.5,1.5,0,0,0.400000005960464,1.10000002384186,0,0,9,88,1292,NA,NA,NA,2163,2383,"Thu"
1927972279,"2016-04-15",980,0.680000007152557,0.680000007152557,0,0,0,0.680000007152557,0,0,0,51,941,2,475,499,980,2221,"Fri"
1927972279,"2016-04-16",0,0,0,0,0,0,0,0,0,0,0,1440,NA,NA,NA,0,2064,"Sat"
1927972279,"2016-04-17",0,0,0,0,0,0,0,0,0,0,0,1440,NA,NA,NA,0,2063,"Sun"
1927972279,"2016-04-18",244,0.170000001788139,0.170000001788139,0,0,0,0.170000001788139,0,0,0,17,1423,NA,NA,NA,244,2111,"Mon"
1927972279,"2016-04-19",0,0,0,0,0,0,0,0,0,0,0,1440,NA,NA,NA,0,2063,"Tue"
1927972279,"2016-04-20",0,0,0,0,0,0,0,0,0,0,0,1440,NA,NA,NA,0,2063,"Wed"
1927972279,"2016-04-21",0,0,0,0,0,0,0,0,0,0,0,1440,NA,NA,NA,0,2064,"Thu"
1927972279,"2016-04-22",149,0.100000001490116,0.100000001490116,0,0,0,0.100000001490116,0,0,0,10,1430,NA,NA,NA,149,2093,"Fri"
1927972279,"2016-04-23",2945,2.03999996185303,2.03999996185303,0,0,0,2.03999996185303,0,0,0,145,1295,NA,NA,NA,2945,2499,"Sat"
1927972279,"2016-04-24",2090,1.45000004768372,1.45000004768372,0,0.0700000002980232,0.239999994635582,1.13999998569489,0,1,6,75,1358,NA,NA,NA,2090,2324,"Sun"
1927972279,"2016-04-25",152,0.109999999403954,0.109999999403954,0,0,0,0.109999999403954,0,0,0,12,1303,NA,NA,NA,152,2100,"Mon"
1927972279,"2016-04-26",3761,2.59999990463257,2.59999990463257,0,0,0,2.59999990463257,0,0,0,192,1058,1,296,315,3761,2638,"Tue"
1927972279,"2016-04-27",0,0,0,0,0,0,0,0,0,0,0,1440,NA,NA,NA,0,2063,"Wed"
1927972279,"2016-04-28",1675,1.1599999666214,1.1599999666214,0,0,0,1.1599999666214,0,0,0,95,1167,1,166,178,1675,2351,"Thu"
1927972279,"2016-04-29",0,0,0,0,0,0,0,0,0,0,0,1440,NA,NA,NA,0,2063,"Fri"
1927972279,"2016-04-30",0,0,0,0,0,0,0,0,0,0,0,1440,NA,NA,NA,0,2064,"Sat"
1927972279,"2016-05-01",2704,1.87000000476837,1.87000000476837,0,1.00999999046326,0.0299999993294477,0.829999983310699,0,14,1,70,1355,NA,NA,NA,2704,2411,"Sun"
1927972279,"2016-05-02",3790,2.61999988555908,2.61999988555908,0,1.1599999666214,0.300000011920929,1.1599999666214,0,16,8,94,1322,NA,NA,NA,3790,2505,"Mon"
1927972279,"2016-05-03",1326,0.920000016689301,0.920000016689301,0,0.730000019073486,0,0.180000007152557,0,10,0,17,1413,NA,NA,NA,1326,2195,"Tue"
1927972279,"2016-05-04",1786,1.24000000953674,1.24000000953674,0,0,0,1.24000000953674,0,0,0,87,1353,NA,NA,NA,1786,2338,"Wed"
1927972279,"2016-05-05",0,0,0,0,0,0,0,0,0,0,0,1440,NA,NA,NA,0,2063,"Thu"
1927972279,"2016-05-06",2091,1.45000004768372,1.45000004768372,0,0,0,1.45000004768372,0,0,0,108,1332,NA,NA,NA,2091,2383,"Fri"
1927972279,"2016-05-07",1510,1.03999996185303,1.03999996185303,0,0,0,1.03999996185303,0,0,0,48,1392,NA,NA,NA,1510,2229,"Sat"
1927972279,"2016-05-08",0,0,0,0,0,0,0,0,0,0,0,1440,NA,NA,NA,0,2063,"Sun"
1927972279,"2016-05-09",0,0,0,0,0,0,0,0,0,0,0,1440,NA,NA,NA,0,2063,"Mon"
1927972279,"2016-05-10",0,0,0,0,0,0,0,0,0,0,0,1440,NA,NA,NA,0,2063,"Tue"
1927972279,"2016-05-11",0,0,0,0,0,0,0,0,0,0,0,1440,NA,NA,NA,0,2063,"Wed"
1927972279,"2016-05-12",0,0,0,0,0,0,0,0,0,0,0,966,NA,NA,NA,0,1383,"Thu"
2022484408,"2016-04-12",11875,8.34000015258789,8.34000015258789,0,3.30999994277954,0.769999980926514,4.26000022888184,0,42,14,227,1157,NA,NA,NA,11875,2390,"Tue"
2022484408,"2016-04-13",12024,8.5,8.5,0,2.99000000953674,0.100000001490116,5.40999984741211,0,43,5,292,1100,NA,NA,NA,12024,2601,"Wed"
2022484408,"2016-04-14",10690,7.5,7.5,0,2.48000001907349,0.209999993443489,4.82000017166138,0,32,3,257,1148,NA,NA,NA,10690,2312,"Thu"
2022484408,"2016-04-15",11034,8.02999973297119,8.02999973297119,0,1.94000005722046,0.310000002384186,5.78000020980835,0,27,9,282,1122,NA,NA,NA,11034,2525,"Fri"
2022484408,"2016-04-16",10100,7.09000015258789,7.09000015258789,0,3.15000009536743,0.550000011920929,3.39000010490417,0,41,11,151,1237,NA,NA,NA,10100,2177,"Sat"
2022484408,"2016-04-17",15112,11.3999996185303,11.3999996185303,0,3.86999988555908,0.660000026226044,6.88000011444092,0,28,29,331,1052,NA,NA,NA,15112,2782,"Sun"
2022484408,"2016-04-18",14131,10.0699996948242,10.0699996948242,0,3.64000010490417,0.119999997317791,6.30000019073486,0,48,3,311,1078,NA,NA,NA,14131,2770,"Mon"
2022484408,"2016-04-19",11548,8.52999973297119,8.52999973297119,0,3.28999996185303,0.239999994635582,5,0,31,7,250,1152,NA,NA,NA,11548,2489,"Tue"
2022484408,"2016-04-20",15112,10.6700000762939,10.6700000762939,0,3.33999991416931,1.92999994754791,5.40000009536743,0,48,63,276,1053,NA,NA,NA,15112,2897,"Wed"
2022484408,"2016-04-21",12453,8.73999977111816,8.73999977111816,0,3.32999992370605,1.11000001430511,4.30999994277954,0,104,53,255,1028,NA,NA,NA,12453,3158,"Thu"
2022484408,"2016-04-22",12954,9.32999992370605,9.32999992370605,0,4.42999982833862,0.419999986886978,4.46999979019165,0,52,10,273,1105,NA,NA,NA,12954,2638,"Fri"
2022484408,"2016-04-23",6001,4.21000003814697,4.21000003814697,0,0,0,4.21000003814697,0,0,0,249,1191,NA,NA,NA,6001,2069,"Sat"
2022484408,"2016-04-24",13481,10.2799997329712,10.2799997329712,0,4.55000019073486,1.14999997615814,4.57999992370605,0,37,26,216,1161,NA,NA,NA,13481,2529,"Sun"
2022484408,"2016-04-25",11369,8.01000022888184,8.01000022888184,0,3.32999992370605,0.219999998807907,4.46000003814697,0,44,8,217,1171,NA,NA,NA,11369,2470,"Mon"
2022484408,"2016-04-26",10119,7.19000005722046,7.19000005722046,0,1.42999994754791,0.660000026226044,5.1100001335144,0,55,24,275,1086,NA,NA,NA,10119,2793,"Tue"
2022484408,"2016-04-27",10159,7.13000011444092,7.13000011444092,0,1.03999996185303,0.970000028610229,5.11999988555908,0,19,20,282,1119,NA,NA,NA,10159,2463,"Wed"
2022484408,"2016-04-28",10140,7.11999988555908,7.11999988555908,0,0.409999996423721,1.33000004291534,5.3899998664856,0,6,20,291,1123,NA,NA,NA,10140,2296,"Thu"
2022484408,"2016-04-29",10245,7.19000005722046,7.19000005722046,0,0.479999989271164,1.21000003814697,5.5,0,21,40,281,1098,NA,NA,NA,10245,2611,"Fri"
2022484408,"2016-04-30",18387,12.9099998474121,12.9099998474121,0,0.939999997615814,1.39999997615814,10.5699996948242,0,13,23,361,1043,NA,NA,NA,18387,2732,"Sat"
2022484408,"2016-05-01",10538,7.40000009536743,7.40000009536743,0,1.94000005722046,0.959999978542328,4.5,0,25,28,245,1142,NA,NA,NA,10538,2380,"Sun"
2022484408,"2016-05-02",10379,7.28999996185303,7.28999996185303,0,2.60999989509583,0.340000003576279,4.32999992370605,0,36,8,277,1119,NA,NA,NA,10379,2473,"Mon"
2022484408,"2016-05-03",12183,8.73999977111816,8.73999977111816,0,3.99000000953674,0.46000000834465,4.28000020980835,0,72,14,250,1104,NA,NA,NA,12183,2752,"Tue"
2022484408,"2016-05-04",11768,8.28999996185303,8.28999996185303,0,2.50999999046326,0.930000007152557,4.84999990463257,0,36,27,272,1105,NA,NA,NA,11768,2649,"Wed"
2022484408,"2016-05-05",11895,8.35000038146973,8.35000038146973,0,2.78999996185303,0.860000014305115,4.69999980926514,0,55,20,253,1112,NA,NA,NA,11895,2609,"Thu"
2022484408,"2016-05-06",10227,7.17999982833862,7.17999982833862,0,1.87000000476837,0.670000016689301,4.6399998664856,0,24,17,295,1104,NA,NA,NA,10227,2498,"Fri"
2022484408,"2016-05-07",6708,4.71000003814697,4.71000003814697,0,1.61000001430511,0.0799999982118607,3.01999998092651,0,20,2,149,1269,NA,NA,NA,6708,1995,"Sat"
2022484408,"2016-05-08",3292,2.30999994277954,2.30999994277954,0,0,0,2.30999994277954,0,0,0,135,1305,NA,NA,NA,3292,1848,"Sun"
2022484408,"2016-05-09",13379,9.39000034332275,9.39000034332275,0,2.11999988555908,1.62999999523163,5.6399998664856,0,35,47,297,1061,NA,NA,NA,13379,2709,"Mon"
2022484408,"2016-05-10",12798,8.97999954223633,8.97999954223633,0,2.22000002861023,1.21000003814697,5.55999994277954,0,57,28,271,1084,NA,NA,NA,12798,2797,"Tue"
2022484408,"2016-05-11",13272,9.31999969482422,9.31999969482422,0,4.17999982833862,1.14999997615814,3.99000000953674,0,58,25,224,1133,NA,NA,NA,13272,2544,"Wed"
2022484408,"2016-05-12",9117,6.40999984741211,6.40999984741211,0,1.27999997138977,0.670000016689301,4.44000005722046,0,16,16,236,728,NA,NA,NA,9117,1853,"Thu"
2026352035,"2016-04-12",4414,2.74000000953674,2.74000000953674,0,0.189999997615814,0.349999994039536,2.20000004768372,0,3,8,181,706,1,503,546,4414,1459,"Tue"
2026352035,"2016-04-13",4993,3.09999990463257,3.09999990463257,0,0,0,3.09999990463257,0,0,0,238,663,1,531,565,4993,1521,"Wed"
2026352035,"2016-04-14",3335,2.0699999332428,2.0699999332428,0,0,0,2.04999995231628,0,0,0,197,653,1,545,568,3335,1431,"Thu"
2026352035,"2016-04-15",3821,2.36999988555908,2.36999988555908,0,0,0,2.36999988555908,0,0,0,188,687,1,523,573,3821,1444,"Fri"
2026352035,"2016-04-16",2547,1.58000004291534,1.58000004291534,0,0,0,1.58000004291534,0,0,0,150,728,1,524,567,2547,1373,"Sat"
2026352035,"2016-04-17",838,0.519999980926514,0.519999980926514,0,0,0,0.519999980926514,0,0,0,60,1053,1,437,498,838,1214,"Sun"
2026352035,"2016-04-18",3325,2.05999994277954,2.05999994277954,0,0,0,2.05999994277954,0,0,0,182,1062,NA,NA,NA,3325,1419,"Mon"
2026352035,"2016-04-19",2424,1.5,1.5,0,0,0,1.5,0,0,0,141,785,1,498,540,2424,1356,"Tue"
2026352035,"2016-04-20",7222,4.48000001907349,4.48000001907349,0,0,0,4.48000001907349,0,0,0,327,623,1,461,510,7222,1667,"Wed"
2026352035,"2016-04-21",2467,1.52999997138977,1.52999997138977,0,0,0,1.52999997138977,0,0,0,153,749,1,477,514,2467,1370,"Thu"
2026352035,"2016-04-22",2915,1.80999994277954,1.80999994277954,0,0,0,1.80999994277954,0,0,0,162,712,1,520,545,2915,1399,"Fri"
2026352035,"2016-04-23",12357,7.71000003814697,7.71000003814697,0,0,0,7.71000003814697,0,0,0,432,458,1,522,554,12357,1916,"Sat"
2026352035,"2016-04-24",3490,2.16000008583069,2.16000008583069,0,0,0,2.16000008583069,0,0,0,164,704,1,555,591,3490,1401,"Sun"
2026352035,"2016-04-25",6017,3.73000001907349,3.73000001907349,0,0,0,3.73000001907349,0,0,0,260,821,1,506,531,6017,1576,"Mon"
2026352035,"2016-04-26",5933,3.6800000667572,3.6800000667572,0,0,0,3.6800000667572,0,0,0,288,1018,NA,NA,NA,5933,1595,"Tue"
2026352035,"2016-04-27",6088,3.76999998092651,3.76999998092651,0,0,0,3.76999998092651,0,0,0,286,586,1,508,545,6088,1593,"Wed"
2026352035,"2016-04-28",6375,3.95000004768372,3.95000004768372,0,0,0,3.95000004768372,0,0,0,331,626,1,513,545,6375,1649,"Thu"
2026352035,"2016-04-29",7604,4.71000003814697,4.71000003814697,0,0,0,4.71000003814697,0,0,0,352,492,1,490,510,7604,1692,"Fri"
2026352035,"2016-04-30",4729,2.9300000667572,2.9300000667572,0,0,0,2.9300000667572,0,0,0,233,594,1,573,607,4729,1506,"Sat"
2026352035,"2016-05-01",3609,2.27999997138977,2.27999997138977,0,0,0,2.27999997138977,0,0,0,191,716,1,527,546,3609,1447,"Sun"
2026352035,"2016-05-02",7018,4.34999990463257,4.34999990463257,0,0,0,4.34999990463257,0,0,0,355,716,1,511,543,7018,1690,"Mon"
2026352035,"2016-05-03",5992,3.72000002861023,3.72000002861023,0,0,0,3.72000002861023,0,0,0,304,981,NA,NA,NA,5992,1604,"Tue"
2026352035,"2016-05-04",6564,4.07000017166138,4.07000017166138,0,0,0,4.07000017166138,0,0,0,345,530,1,538,560,6564,1658,"Wed"
2026352035,"2016-05-05",12167,7.53999996185303,7.53999996185303,0,0,0,7.53999996185303,0,0,0,475,479,1,468,485,12167,1926,"Thu"
2026352035,"2016-05-06",8198,5.07999992370605,5.07999992370605,0,0,0,5.07999992370605,0,0,0,383,511,1,524,548,8198,1736,"Fri"
2026352035,"2016-05-07",4193,2.59999990463257,2.59999990463257,0,0,0,2.59999990463257,0,0,0,229,665,1,511,521,4193,1491,"Sat"
2026352035,"2016-05-08",5528,3.45000004768372,3.45000004768372,0,0,0,3.45000004768372,0,0,0,258,610,1,541,568,5528,1555,"Sun"
2026352035,"2016-05-09",10685,6.61999988555908,6.61999988555908,0,0,0,6.59999990463257,0,0,0,401,543,1,531,556,10685,1869,"Mon"
2026352035,"2016-05-10",254,0.159999996423721,0.159999996423721,0,0,0,0.159999996423721,0,0,0,17,1002,1,357,380,254,1141,"Tue"
2026352035,"2016-05-11",8580,5.32000017166138,5.32000017166138,0,0,0,5.32000017166138,0,0,0,330,569,1,523,553,8580,1698,"Wed"
2026352035,"2016-05-12",8891,5.51000022888184,5.51000022888184,0,0,0,5.51000022888184,0,0,0,343,330,1,456,485,8891,1364,"Thu"
2320127002,"2016-04-12",10725,7.48999977111816,7.48999977111816,0,1.16999995708466,0.310000002384186,6.01000022888184,0,13,9,306,1112,NA,NA,NA,10725,2124,"Tue"
2320127002,"2016-04-13",7275,4.90000009536743,4.90000009536743,0,0,0,4.90000009536743,0,0,0,335,1105,NA,NA,NA,7275,2003,"Wed"
2320127002,"2016-04-14",3973,2.6800000667572,2.6800000667572,0,0,0,2.6800000667572,0,0,0,191,1249,NA,NA,NA,3973,1696,"Thu"
2320127002,"2016-04-15",5205,3.50999999046326,3.50999999046326,0,0,0,3.50999999046326,0,0,0,245,1195,NA,NA,NA,5205,1801,"Fri"
2320127002,"2016-04-16",5057,3.41000008583069,3.41000008583069,0,0,0,3.40000009536743,0,0,0,195,1245,NA,NA,NA,5057,1724,"Sat"
2320127002,"2016-04-17",6198,4.17999982833862,4.17999982833862,0,0,0,4.17999982833862,0,0,0,249,1191,NA,NA,NA,6198,1852,"Sun"
2320127002,"2016-04-18",6559,4.42000007629395,4.42000007629395,0,0,0.259999990463257,4.1399998664856,0,0,7,260,1173,NA,NA,NA,6559,1905,"Mon"
2320127002,"2016-04-19",5997,4.03999996185303,4.03999996185303,0,0,0.379999995231628,3.66000008583069,0,0,11,228,1201,NA,NA,NA,5997,1811,"Tue"
2320127002,"2016-04-20",7192,4.84999990463257,4.84999990463257,0,0,0.490000009536743,4.34000015258789,0,0,11,283,1146,NA,NA,NA,7192,1922,"Wed"
2320127002,"2016-04-21",3404,2.28999996185303,2.28999996185303,0,0.0599999986588955,0.419999986886978,1.80999994277954,0,1,10,127,1302,NA,NA,NA,3404,1610,"Thu"
2320127002,"2016-04-22",5583,3.75999999046326,3.75999999046326,0,0,0,3.75999999046326,0,0,0,266,1174,NA,NA,NA,5583,1851,"Fri"
2320127002,"2016-04-23",5079,3.42000007629395,3.42000007629395,0,0,0,3.42000007629395,0,0,0,242,1129,1,61,69,5079,1804,"Sat"
2320127002,"2016-04-24",4165,2.80999994277954,2.80999994277954,0,0,0,2.79999995231628,0,0,0,204,1236,NA,NA,NA,4165,1725,"Sun"
2320127002,"2016-04-25",3588,2.42000007629395,2.42000007629395,0,0.230000004172325,0.200000002980232,1.99000000953674,0,3,5,152,1280,NA,NA,NA,3588,1654,"Mon"
2320127002,"2016-04-26",3409,2.29999995231628,2.29999995231628,0,0,0,2.29999995231628,0,0,0,147,1293,NA,NA,NA,3409,1632,"Tue"
2320127002,"2016-04-27",1715,1.1599999666214,1.1599999666214,0,0,0,1.1599999666214,0,0,0,82,1358,NA,NA,NA,1715,1481,"Wed"
2320127002,"2016-04-28",1532,1.02999997138977,1.02999997138977,0,0,0,1.02999997138977,0,0,0,76,1364,NA,NA,NA,1532,1473,"Thu"
2320127002,"2016-04-29",924,0.620000004768372,0.620000004768372,0,0,0,0.620000004768372,0,0,0,45,1395,NA,NA,NA,924,1410,"Fri"
2320127002,"2016-04-30",4571,3.07999992370605,3.07999992370605,0,0,0,3.0699999332428,0,0,0,234,1206,NA,NA,NA,4571,1779,"Sat"
2320127002,"2016-05-01",772,0.519999980926514,0.519999980926514,0,0,0,0.519999980926514,0,0,0,40,1400,NA,NA,NA,772,1403,"Sun"
2320127002,"2016-05-02",3634,2.45000004768372,2.45000004768372,0,0.360000014305115,0.209999993443489,1.87999999523163,0,5,6,123,1306,NA,NA,NA,3634,1613,"Mon"
2320127002,"2016-05-03",7443,5.01999998092651,5.01999998092651,0,1.49000000953674,0.370000004768372,3.16000008583069,0,20,10,206,1204,NA,NA,NA,7443,1878,"Tue"
2320127002,"2016-05-04",1201,0.810000002384186,0.810000002384186,0,0,0,0.810000002384186,0,0,0,52,1388,NA,NA,NA,1201,1426,"Wed"
2320127002,"2016-05-05",5202,3.50999999046326,3.50999999046326,0,0,0.389999985694885,3.10999989509583,0,0,11,223,1206,NA,NA,NA,5202,1780,"Thu"
2320127002,"2016-05-06",4878,3.28999996185303,3.28999996185303,0,0,0,3.28999996185303,0,0,0,204,1236,NA,NA,NA,4878,1742,"Fri"
2320127002,"2016-05-07",7379,4.96999979019165,4.96999979019165,0,0,0,4.96999979019165,0,0,0,319,1121,NA,NA,NA,7379,1972,"Sat"
2320127002,"2016-05-08",5161,3.48000001907349,3.48000001907349,0,0,0,3.47000002861023,0,0,0,247,1193,NA,NA,NA,5161,1821,"Sun"
2320127002,"2016-05-09",3090,2.07999992370605,2.07999992370605,0,0,0,2.07999992370605,0,0,0,145,1295,NA,NA,NA,3090,1630,"Mon"
2320127002,"2016-05-10",6227,4.19999980926514,4.19999980926514,0,0,0,4.19999980926514,0,0,0,290,1150,NA,NA,NA,6227,1899,"Tue"
2320127002,"2016-05-11",6424,4.32999992370605,4.32999992370605,0,0,0,4.32999992370605,0,0,0,300,1140,NA,NA,NA,6424,1903,"Wed"
2320127002,"2016-05-12",2661,1.78999996185303,1.78999996185303,0,0,0,1.78999996185303,0,0,0,128,830,NA,NA,NA,2661,1125,"Thu"
2347167796,"2016-04-12",10113,6.82999992370605,6.82999992370605,0,2,0.620000004768372,4.19999980926514,0,28,13,320,964,NA,NA,NA,10113,2344,"Tue"
2347167796,"2016-04-13",10352,7.01000022888184,7.01000022888184,0,1.6599999666214,1.94000005722046,3.41000008583069,0,19,32,195,676,1,467,531,10352,2038,"Wed"
2347167796,"2016-04-14",10129,6.69999980926514,6.69999980926514,0,0.0199999995529652,2.74000000953674,3.94000005722046,0,1,48,206,705,1,445,489,10129,2010,"Thu"
2347167796,"2016-04-15",10465,6.92000007629395,6.92000007629395,0,0.0700000002980232,1.41999995708466,5.42999982833862,0,1,24,284,720,1,452,504,10465,2133,"Fri"
2347167796,"2016-04-16",22244,15.0799999237061,15.0799999237061,0,5.44999980926514,4.09999990463257,5.53000020980835,0,66,72,268,968,NA,NA,NA,22244,2670,"Sat"
2347167796,"2016-04-17",5472,3.61999988555908,3.61999988555908,0,0.0799999982118607,0.280000001192093,3.25999999046326,0,1,7,249,508,1,556,602,5472,1882,"Sun"
2347167796,"2016-04-18",8247,5.44999980926514,5.44999980926514,0,0.790000021457672,0.860000014305115,3.78999996185303,0,11,16,206,678,1,500,557,8247,1944,"Mon"
2347167796,"2016-04-19",6711,4.44000005722046,4.44000005722046,0,0,0,4.44000005722046,0,0,7,382,648,1,465,514,6711,2346,"Tue"
2347167796,"2016-04-20",10999,7.26999998092651,7.26999998092651,0,0.680000007152557,1.80999994277954,4.78000020980835,0,11,43,269,1011,NA,NA,NA,10999,2198,"Wed"
2347167796,"2016-04-21",10080,6.75,6.75,0,1.85000002384186,1.52999997138977,3.38000011444092,0,23,26,208,761,1,460,484,10080,2048,"Thu"
2347167796,"2016-04-22",7804,5.15999984741211,5.15999984741211,0,0.560000002384186,1.67999994754791,2.92000007629395,0,9,27,206,781,1,405,461,7804,1946,"Fri"
2347167796,"2016-04-23",16901,11.3699998855591,11.3699998855591,0,2.77999997138977,1.45000004768372,7.15000009536743,0,32,35,360,591,1,374,386,16901,2629,"Sat"
2347167796,"2016-04-24",9471,6.26000022888184,6.26000022888184,0,0,0,6.26000022888184,0,0,0,360,584,1,442,459,9471,2187,"Sun"
2347167796,"2016-04-25",9482,6.38000011444092,6.38000011444092,0,1.26999998092651,0.519999980926514,4.59999990463257,0,15,11,277,653,1,433,471,9482,2095,"Mon"
2347167796,"2016-04-26",5980,3.95000004768372,3.95000004768372,0,0,0,3.95000004768372,0,0,0,227,732,1,436,490,5980,1861,"Tue"
2347167796,"2016-04-27",11423,7.57999992370605,7.57999992370605,0,1.86000001430511,0.400000005960464,5.32000017166138,0,26,9,295,623,1,448,499,11423,2194,"Wed"
2347167796,"2016-04-28",5439,3.59999990463257,3.59999990463257,0,0,0,3.59999990463257,0,0,0,229,764,1,408,450,5439,1854,"Thu"
2347167796,"2016-04-29",42,0.0299999993294477,0.0299999993294477,0,0,0,0.0299999993294477,0,0,0,4,2,1,411,473,42,403,"Fri"
2873212765,"2016-04-12",8796,5.90999984741211,5.90999984741211,0,0.109999999403954,0.930000007152557,4.88000011444092,0,2,21,356,1061,NA,NA,NA,8796,1982,"Tue"
2873212765,"2016-04-13",7618,5.11999988555908,5.11999988555908,0,0,0.219999998807907,4.88000011444092,0.0199999995529652,0,8,404,1028,NA,NA,NA,7618,2004,"Wed"
2873212765,"2016-04-14",7910,5.32000017166138,5.32000017166138,0,0,0,5.32000017166138,0,0,0,331,1109,NA,NA,NA,7910,1893,"Thu"
2873212765,"2016-04-15",8482,5.69999980926514,5.69999980926514,0,0,0,5.69000005722046,0.00999999977648258,0,0,448,992,NA,NA,NA,8482,2063,"Fri"
2873212765,"2016-04-16",9685,6.65000009536743,6.65000009536743,0,3.10999989509583,0.0199999995529652,3.50999999046326,0.00999999977648258,47,1,305,1087,NA,NA,NA,9685,2148,"Sat"
2873212765,"2016-04-17",2524,1.70000004768372,1.70000004768372,0,0,0.349999994039536,1.3400000333786,0,0,8,160,1272,NA,NA,NA,2524,1529,"Sun"
2873212765,"2016-04-18",7762,5.23999977111816,5.23999977111816,0,0.0700000002980232,0.280000001192093,4.8899998664856,0,1,6,311,1122,NA,NA,NA,7762,1890,"Mon"
2873212765,"2016-04-19",7948,5.36999988555908,5.36999988555908,0,0,0,5.3600001335144,0,0,0,389,1051,NA,NA,NA,7948,1956,"Tue"
2873212765,"2016-04-20",9202,6.30000019073486,6.30000019073486,0,1.50999999046326,0.119999997317791,4.65999984741211,0.00999999977648258,22,5,378,1035,NA,NA,NA,9202,2094,"Wed"
2873212765,"2016-04-21",8859,5.98000001907349,5.98000001907349,0,0.129999995231628,0.370000004768372,5.46999979019165,0.00999999977648258,2,10,371,1057,NA,NA,NA,8859,1970,"Thu"
2873212765,"2016-04-22",7286,4.90000009536743,4.90000009536743,0,0.46000000834465,0,4.42000007629395,0.0199999995529652,46,0,366,1028,NA,NA,NA,7286,2241,"Fri"
2873212765,"2016-04-23",9317,6.34999990463257,6.34999990463257,0,2.08999991416931,0.230000004172325,4.01999998092651,0.00999999977648258,28,5,330,1077,NA,NA,NA,9317,2021,"Sat"
2873212765,"2016-04-24",6873,4.67999982833862,4.67999982833862,0,3,0.0599999986588955,1.62000000476837,0,46,1,190,1203,NA,NA,NA,6873,1898,"Sun"
2873212765,"2016-04-25",7373,4.94999980926514,4.94999980926514,0,0,0,4.94999980926514,0,0,0,359,1081,NA,NA,NA,7373,1907,"Mon"
2873212765,"2016-04-26",8242,5.53999996185303,5.53999996185303,0,0.119999997317791,0.180000007152557,5.23999977111816,0,2,5,309,1124,NA,NA,NA,8242,1882,"Tue"
2873212765,"2016-04-27",3516,2.35999989509583,2.35999989509583,0,0,0,2.35999989509583,0,46,0,197,1197,NA,NA,NA,3516,1966,"Wed"
2873212765,"2016-04-28",7913,5.40999984741211,5.40999984741211,0,2.16000008583069,0.340000003576279,2.91000008583069,0,28,7,213,1192,NA,NA,NA,7913,1835,"Thu"
2873212765,"2016-04-29",7365,4.94999980926514,4.94999980926514,0,1.36000001430511,1.4099999666214,2.1800000667572,0,20,23,206,1191,NA,NA,NA,7365,1780,"Fri"
2873212765,"2016-04-30",8452,5.67999982833862,5.67999982833862,0,0.330000013113022,1.08000004291534,4.26000022888184,0.00999999977648258,5,20,248,1167,NA,NA,NA,8452,1830,"Sat"
2873212765,"2016-05-01",7399,4.96999979019165,4.96999979019165,0,0.490000009536743,1.03999996185303,3.44000005722046,0,7,18,196,1219,NA,NA,NA,7399,1739,"Sun"
2873212765,"2016-05-02",7525,5.05999994277954,5.05999994277954,0,0,0.209999993443489,4.82999992370605,0.0199999995529652,0,7,334,1099,NA,NA,NA,7525,1878,"Mon"
2873212765,"2016-05-03",7412,4.98000001907349,4.98000001907349,0,0.0599999986588955,0.25,4.65999984741211,0.00999999977648258,1,6,363,1070,NA,NA,NA,7412,1906,"Tue"
2873212765,"2016-05-04",8278,5.55999994277954,5.55999994277954,0,0,0,5.55999994277954,0,0,0,420,1020,NA,NA,NA,8278,2015,"Wed"
2873212765,"2016-05-05",8314,5.6100001335144,5.6100001335144,0,0.779999971389771,0.800000011920929,4.03000020980835,0,13,23,311,1093,NA,NA,NA,8314,1971,"Thu"
2873212765,"2016-05-06",7063,4.75,4.75,0,0,0.119999997317791,4.6100001335144,0.00999999977648258,0,5,370,1065,NA,NA,NA,7063,1910,"Fri"
2873212765,"2016-05-07",4940,3.38000011444092,3.38000011444092,0,2.27999997138977,0.550000011920929,0.550000011920929,0,75,11,52,1302,NA,NA,NA,4940,1897,"Sat"
2873212765,"2016-05-08",8168,5.53999996185303,5.53999996185303,0,2.90000009536743,0,2.64000010490417,0,46,0,326,1068,NA,NA,NA,8168,2096,"Sun"
2873212765,"2016-05-09",7726,5.19000005722046,5.19000005722046,0,0,0,5.19000005722046,0,0,0,345,1095,NA,NA,NA,7726,1906,"Mon"
2873212765,"2016-05-10",8275,5.55999994277954,5.55999994277954,0,0,0,5.55000019073486,0.00999999977648258,0,0,373,1067,NA,NA,NA,8275,1962,"Tue"
2873212765,"2016-05-11",6440,4.32999992370605,4.32999992370605,0,0,0,4.32000017166138,0.00999999977648258,0,0,319,1121,NA,NA,NA,6440,1826,"Wed"
2873212765,"2016-05-12",7566,5.1100001335144,5.1100001335144,0,0,0,5.1100001335144,0,0,0,268,720,NA,NA,NA,7566,1431,"Thu"
3372868164,"2016-04-12",4747,3.24000000953674,3.24000000953674,0,0,0,3.23000001907349,0.00999999977648258,0,0,280,1160,NA,NA,NA,4747,1788,"Tue"
3372868164,"2016-04-13",9715,6.63000011444092,6.63000011444092,0,0.990000009536743,0.340000003576279,5.26999998092651,0.0199999995529652,16,8,371,1045,NA,NA,NA,9715,2093,"Wed"
3372868164,"2016-04-14",8844,6.03000020980835,6.03000020980835,0,0.340000003576279,1.02999997138977,4.65000009536743,0.00999999977648258,6,25,370,1039,NA,NA,NA,8844,2065,"Thu"
3372868164,"2016-04-15",7451,5.07999992370605,5.07999992370605,0,0,0,5.05999994277954,0.0199999995529652,0,0,335,1105,NA,NA,NA,7451,1908,"Fri"
3372868164,"2016-04-16",6905,4.73000001907349,4.73000001907349,0,0,0,4.69999980926514,0.0299999993294477,0,0,356,1084,NA,NA,NA,6905,1908,"Sat"
3372868164,"2016-04-17",8199,5.88000011444092,5.88000011444092,0,1.4099999666214,0.100000001490116,4.3600001335144,0.00999999977648258,11,2,322,1105,NA,NA,NA,8199,1964,"Sun"
3372868164,"2016-04-18",6798,4.6399998664856,4.6399998664856,0,1.08000004291534,0.200000002980232,3.34999990463257,0,20,7,343,1070,NA,NA,NA,6798,2014,"Mon"
3372868164,"2016-04-19",7711,5.26000022888184,5.26000022888184,0,0,0,5.23999977111816,0.0199999995529652,0,0,376,1064,NA,NA,NA,7711,1985,"Tue"
3372868164,"2016-04-20",4880,3.32999992370605,3.32999992370605,0,0.839999973773956,0.0900000035762787,2.38000011444092,0.0199999995529652,15,3,274,1148,NA,NA,NA,4880,1867,"Wed"
3372868164,"2016-04-21",8857,6.07000017166138,6.07000017166138,0,1.14999997615814,0.259999990463257,4.6399998664856,0.00999999977648258,18,9,376,1037,NA,NA,NA,8857,2124,"Thu"
3372868164,"2016-04-22",3843,2.61999988555908,2.61999988555908,0,0,0,2.60999989509583,0.00999999977648258,0,0,206,1234,NA,NA,NA,3843,1669,"Fri"
3372868164,"2016-04-23",7396,5.07000017166138,5.07000017166138,0,1.39999997615814,0.0799999982118607,3.57999992370605,0,20,2,303,1115,NA,NA,NA,7396,1995,"Sat"
3372868164,"2016-04-24",6731,4.59000015258789,4.59000015258789,0,0.889999985694885,0.189999997615814,3.49000000953674,0.0199999995529652,14,7,292,1127,NA,NA,NA,6731,1921,"Sun"
3372868164,"2016-04-25",5995,4.09000015258789,4.09000015258789,0,0,0,4.09000015258789,0,0,0,416,1024,NA,NA,NA,5995,2010,"Mon"
3372868164,"2016-04-26",8283,5.78999996185303,5.78999996185303,0,1.85000002384186,0.0500000007450581,3.86999988555908,0.00999999977648258,22,2,333,1083,NA,NA,NA,8283,2057,"Tue"
3372868164,"2016-04-27",7904,5.42000007629395,5.42000007629395,0,1.58000004291534,0.629999995231628,3.19000005722046,0.00999999977648258,24,13,346,1057,NA,NA,NA,7904,2095,"Wed"
3372868164,"2016-04-28",5512,3.75999999046326,3.75999999046326,0,0,0,3.75999999046326,0,0,0,385,1055,NA,NA,NA,5512,1972,"Thu"
3372868164,"2016-04-29",9135,6.23000001907349,6.23000001907349,0,0,0,6.21999979019165,0.00999999977648258,0,0,402,1038,NA,NA,NA,9135,2044,"Fri"
3372868164,"2016-04-30",5250,3.57999992370605,3.57999992370605,0,1.05999994277954,0.0900000035762787,2.42000007629395,0.00999999977648258,17,4,300,1119,NA,NA,NA,5250,1946,"Sat"
3372868164,"2016-05-01",3077,2.09999990463257,2.09999990463257,0,0,0,2.08999991416931,0,0,0,172,842,NA,NA,NA,3077,1237,"Sun"
3977333714,"2016-04-12",8856,5.98000001907349,5.98000001907349,0,3.05999994277954,0.910000026226044,2.00999999046326,0,44,19,131,777,1,274,469,8856,1450,"Tue"
3977333714,"2016-04-13",10035,6.71000003814697,6.71000003814697,0,2.02999997138977,2.13000011444092,2.54999995231628,0,31,46,153,754,2,295,456,10035,1495,"Wed"
3977333714,"2016-04-14",7641,5.1100001335144,5.1100001335144,0,0.319999992847443,0.970000028610229,3.8199999332428,0,5,23,214,801,1,291,397,7641,1433,"Thu"
3977333714,"2016-04-15",9010,6.05999994277954,6.05999994277954,0,1.04999995231628,1.75,3.25999999046326,0,15,42,183,644,1,424,556,9010,1468,"Fri"
3977333714,"2016-04-16",13459,9,9,0,2.02999997138977,4,2.97000002861023,0,31,83,153,663,1,283,510,13459,1625,"Sat"
3977333714,"2016-04-17",10415,6.96999979019165,6.96999979019165,0,0.699999988079071,2.34999990463257,3.92000007629395,0,11,58,205,600,1,381,566,10415,1529,"Sun"
3977333714,"2016-04-18",11663,7.80000019073486,7.80000019073486,0,0.25,3.73000001907349,3.8199999332428,0,4,95,214,605,2,412,522,11663,1584,"Mon"
3977333714,"2016-04-19",12414,8.77999973297119,8.77999973297119,0,2.24000000953674,2.45000004768372,3.96000003814697,0,19,67,221,738,1,219,395,12414,1638,"Tue"
3977333714,"2016-04-20",11658,7.82999992370605,7.82999992370605,0,0.200000002980232,4.34999990463257,3.27999997138977,0,2,98,164,845,2,152,305,11658,1554,"Wed"
3977333714,"2016-04-21",6093,4.07999992370605,4.07999992370605,0,0,0,4.05999994277954,0,0,0,242,712,1,332,512,6093,1397,"Thu"
3977333714,"2016-04-22",8911,5.96000003814697,5.96000003814697,0,2.32999992370605,0.579999983310699,3.05999994277954,0,33,12,188,731,1,355,476,8911,1481,"Fri"
3977333714,"2016-04-23",12058,8.06999969482422,8.06999969482422,0,0,4.21999979019165,3.84999990463257,0,0,92,252,724,1,235,372,12058,1638,"Sat"
3977333714,"2016-04-24",14112,10,10,0,3.26999998092651,4.55999994277954,2.17000007629395,0,30,95,129,660,1,310,526,14112,1655,"Sun"
3977333714,"2016-04-25",11177,8.47999954223633,8.47999954223633,0,5.61999988555908,0.430000007152557,2.41000008583069,0,50,9,133,781,1,262,467,11177,1570,"Mon"
3977333714,"2016-04-26",11388,7.61999988555908,7.61999988555908,0,0.449999988079071,4.21999979019165,2.95000004768372,0,7,95,170,797,1,250,371,11388,1551,"Tue"
3977333714,"2016-04-27",7193,5.03999996185303,5.03999996185303,0,0,0.419999986886978,4.61999988555908,0,0,10,176,714,1,349,540,7193,1377,"Wed"
3977333714,"2016-04-28",7114,4.88000011444092,4.88000011444092,0,1.37000000476837,0.28999999165535,3.22000002861023,0,15,8,190,804,1,261,423,7114,1407,"Thu"
3977333714,"2016-04-29",10645,7.75,7.75,0,3.74000000953674,1.29999995231628,2.71000003814697,0,36,32,150,744,1,333,478,10645,1545,"Fri"
3977333714,"2016-04-30",13238,9.19999980926514,9.19999980926514,0,3.69000005722046,2.09999990463257,3.41000008583069,0,43,52,194,687,1,237,382,13238,1650,"Sat"
3977333714,"2016-05-01",10414,7.07000017166138,7.07000017166138,0,2.67000007629395,1.98000001907349,2.41000008583069,0,41,40,124,691,1,383,626,10414,1501,"Sun"
3977333714,"2016-05-02",16520,11.0500001907349,11.0500001907349,0,1.53999996185303,6.48000001907349,3.01999998092651,0,24,143,176,713,1,230,384,16520,1760,"Mon"
3977333714,"2016-05-03",14335,9.59000015258789,9.59000015258789,0,3.3199999332428,1.74000000953674,4.53000020980835,0,47,41,258,594,1,292,500,14335,1710,"Tue"
3977333714,"2016-05-04",13559,9.4399995803833,9.4399995803833,0,1.80999994277954,4.57999992370605,2.89000010490417,0,14,96,142,852,1,213,336,13559,1628,"Wed"
3977333714,"2016-05-05",12312,8.57999992370605,8.57999992370605,0,1.75999999046326,4.1100001335144,2.71000003814697,0,14,88,178,680,1,318,480,12312,1618,"Thu"
3977333714,"2016-05-06",11677,8.27999973297119,8.27999973297119,0,3.10999989509583,2.50999999046326,2.67000007629395,0,29,55,168,676,1,323,512,11677,1590,"Fri"
3977333714,"2016-05-07",11550,7.73000001907349,7.73000001907349,0,0,4.13000011444092,3.58999991416931,0,0,86,208,703,1,237,443,11550,1574,"Sat"
3977333714,"2016-05-08",13585,9.09000015258789,9.09000015258789,0,0.680000007152557,5.23999977111816,3.17000007629395,0,9,116,171,688,2,259,456,13585,1633,"Sun"
3977333714,"2016-05-09",14687,10.0799999237061,10.0799999237061,0,0.769999980926514,5.59999990463257,3.54999995231628,0,8,122,151,1159,NA,NA,NA,14687,1667,"Mon"
3977333714,"2016-05-10",13072,8.77999973297119,8.77999973297119,0,0.0700000002980232,5.40000009536743,3.30999994277954,0,1,115,196,676,1,312,452,13072,1630,"Tue"
3977333714,"2016-05-11",746,0.5,0.5,0,0.370000004768372,0,0.129999995231628,0,4,0,9,13,NA,NA,NA,746,52,"Wed"
4020332650,"2016-04-12",8539,6.11999988555908,6.11999988555908,0,0.150000005960464,0.239999994635582,5.67999982833862,0,4,15,331,712,1,501,541,8539,3654,"Tue"
4020332650,"2016-04-13",0,0,0,0,0,0,0,0,0,0,0,1440,NA,NA,NA,0,1981,"Wed"
4020332650,"2016-04-14",108,0.0799999982118607,0.0799999982118607,0,0,0,0.0299999993294477,0,0,0,3,1437,NA,NA,NA,108,2011,"Thu"
4020332650,"2016-04-15",1882,1.35000002384186,1.35000002384186,0,0.209999993443489,0.360000014305115,0.769999980926514,0,36,18,87,1299,NA,NA,NA,1882,2951,"Fri"
4020332650,"2016-04-16",1982,1.41999995708466,1.41999995708466,0,0.449999988079071,0.370000004768372,0.589999973773956,0,65,21,55,1222,1,77,77,1982,3051,"Sat"
4020332650,"2016-04-17",16,0.00999999977648258,0.00999999977648258,0,0,0,0.00999999977648258,0,0,0,2,1438,NA,NA,NA,16,1990,"Sun"
4020332650,"2016-04-18",62,0.0399999991059303,0.0399999991059303,0,0,0,0.0399999991059303,0,0,0,2,1438,NA,NA,NA,62,1995,"Mon"
4020332650,"2016-04-19",0,0,0,0,0,0,0,0,0,0,0,1440,NA,NA,NA,0,1980,"Tue"
4020332650,"2016-04-20",0,0,0,0,0,0,0,0,0,0,0,1440,NA,NA,NA,0,1980,"Wed"
4020332650,"2016-04-21",0,0,0,0,0,0,0,0,0,0,0,1440,NA,NA,NA,0,1980,"Thu"
4020332650,"2016-04-22",0,0,0,0,0,0,0,0,0,0,0,1440,NA,NA,NA,0,1980,"Fri"
4020332650,"2016-04-23",0,0,0,0,0,0,0,0,0,0,0,1440,NA,NA,NA,0,1980,"Sat"
4020332650,"2016-04-24",0,0,0,0,0,0,0,0,0,0,0,1440,NA,NA,NA,0,1980,"Sun"
4020332650,"2016-04-25",0,0,0,0,0,0,0,0,0,0,0,1440,NA,NA,NA,0,1980,"Mon"
4020332650,"2016-04-26",0,0,0,0,0,0,0,0,0,0,0,1440,NA,NA,NA,0,1980,"Tue"
4020332650,"2016-04-27",0,0,0,0,0,0,0,0,0,0,0,1440,NA,NA,NA,0,1980,"Wed"
4020332650,"2016-04-28",0,0,0,0,0,0,0,0,0,0,0,1440,NA,NA,NA,0,1980,"Thu"
4020332650,"2016-04-29",0,0,0,0,0,0,0,0,0,0,0,1440,NA,NA,NA,0,1980,"Fri"
4020332650,"2016-04-30",0,0,0,0,0,0,0,0,0,0,0,1440,NA,NA,NA,0,1980,"Sat"
4020332650,"2016-05-01",0,0,0,0,0,0,0,0,0,0,0,1440,NA,NA,NA,0,1980,"Sun"
4020332650,"2016-05-02",475,0.340000003576279,0.340000003576279,0,0,0.0399999991059303,0.28999999165535,0,0,11,31,1350,NA,NA,NA,475,2207,"Mon"
4020332650,"2016-05-03",4496,3.22000002861023,3.22000002861023,0,0,0,3.15000009536743,0.0500000007450581,0,0,174,950,1,322,332,4496,2828,"Tue"
4020332650,"2016-05-04",10252,7.34999990463257,7.34999990463257,0,0.670000016689301,1.03999996185303,5.57999992370605,0,13,46,346,531,1,478,536,10252,3879,"Wed"
4020332650,"2016-05-05",11728,8.43000030517578,8.43000030517578,0,2.61999988555908,1.67999994754791,4.03999996185303,0.0700000002980232,38,42,196,916,1,226,248,11728,3429,"Thu"
4020332650,"2016-05-06",4369,3.13000011444092,3.13000011444092,0,0,0,3.09999990463257,0.00999999977648258,0,0,177,855,1,385,408,4369,2704,"Fri"
4020332650,"2016-05-07",6132,4.40000009536743,4.40000009536743,0,0,0,3.57999992370605,0,0,0,184,1256,NA,NA,NA,6132,2975,"Sat"
4020332650,"2016-05-08",5862,4.19999980926514,4.19999980926514,0,0,0,4.15000009536743,0,0,0,263,775,1,364,402,5862,3089,"Sun"
4020332650,"2016-05-09",4556,3.26999998092651,3.26999998092651,0,0.200000002980232,0.119999997317791,2.94000005722046,0,3,5,173,1225,NA,NA,NA,4556,2785,"Mon"
4020332650,"2016-05-10",5546,3.98000001907349,3.98000001907349,0,0,0,3.86999988555908,0.0399999991059303,0,0,206,774,1,442,494,5546,2926,"Tue"
4020332650,"2016-05-11",3689,2.65000009536743,2.65000009536743,0,0.109999999403954,0.170000001788139,2.32999992370605,0,2,8,134,1296,NA,NA,NA,3689,2645,"Wed"
4020332650,"2016-05-12",590,0.419999986886978,0.419999986886978,0,0,0,0.409999996423721,0,0,0,21,721,NA,NA,NA,590,1120,"Thu"
4057192912,"2016-04-12",5394,4.03000020980835,4.03000020980835,0,0,0,3.94000005722046,0,0,0,164,1276,NA,NA,NA,5394,2286,"Tue"
4057192912,"2016-04-13",5974,4.46999979019165,4.46999979019165,0,0,0,4.36999988555908,0,0,0,160,1280,NA,NA,NA,5974,2306,"Wed"
4057192912,"2016-04-14",0,0,0,0,0,0,0,0,0,0,0,1440,NA,NA,NA,0,1776,"Thu"
4057192912,"2016-04-15",3984,2.95000004768372,2.95000004768372,0,0.209999993443489,0.259999990463257,2.44000005722046,0,3,6,88,873,NA,NA,NA,3984,1527,"Fri"
4319703577,"2016-04-12",7753,5.19999980926514,5.19999980926514,0,0,0,0,0,0,0,0,1440,NA,NA,NA,7753,2115,"Tue"
4319703577,"2016-04-13",8204,5.5,5.5,0,0.529999971389771,0.589999973773956,1.30999994277954,0,8,15,96,1234,NA,NA,NA,8204,2135,"Wed"
4319703577,"2016-04-14",10210,6.88000011444092,6.88000011444092,0,0.109999999403954,0.330000013113022,6.44000005722046,0,1,9,339,589,1,535,557,10210,2302,"Thu"
4319703577,"2016-04-15",5664,3.79999995231628,3.79999995231628,0,0,0,3.79999995231628,0,0,0,228,752,1,465,491,5664,1985,"Fri"
4319703577,"2016-04-16",4744,3.1800000667572,3.1800000667572,0,0,0,3.1800000667572,0,0,0,194,724,1,506,522,4744,1884,"Sat"
4319703577,"2016-04-17",29,0.0199999995529652,0.0199999995529652,0,0,0,0.0199999995529652,0,0,0,3,1363,NA,NA,NA,29,1464,"Sun"
4319703577,"2016-04-18",2276,1.54999995231628,1.54999995231628,0,0.0700000002980232,0.330000013113022,1.12000000476837,0,1,9,58,824,1,515,551,2276,1632,"Mon"
4319703577,"2016-04-19",8925,5.98999977111816,5.98999977111816,0,0,0,5.98999977111816,0,0,0,311,604,2,461,498,8925,2200,"Tue"
4319703577,"2016-04-20",8954,6.01000022888184,6.01000022888184,0,0,0.680000007152557,5.30999994277954,0,0,18,306,671,1,523,543,8954,2220,"Wed"
4319703577,"2016-04-21",3702,2.48000001907349,2.48000001907349,0,0,0,0.349999994039536,0,0,0,34,1265,1,59,65,3702,1792,"Thu"
4319703577,"2016-04-22",4500,3.01999998092651,3.01999998092651,0,0.0599999986588955,0.810000002384186,2.15000009536743,0,1,19,176,709,1,533,550,4500,1886,"Fri"
4319703577,"2016-04-23",4935,3.30999994277954,3.30999994277954,0,0,0,3.30999994277954,0,0,0,233,546,1,692,722,4935,1945,"Sat"
4319703577,"2016-04-24",4081,2.74000000953674,2.74000000953674,0,0.0599999986588955,0.200000002980232,2.47000002861023,0,1,5,191,692,1,467,501,4081,1880,"Sun"
4319703577,"2016-04-25",9259,6.21000003814697,6.21000003814697,0,0,0.280000001192093,5.92999982833862,0,0,8,390,544,1,488,506,9259,2314,"Mon"
4319703577,"2016-04-26",9899,6.6399998664856,6.6399998664856,0,0.569999992847443,0.920000016689301,5.15000009536743,0,8,21,288,649,1,505,516,9899,2236,"Tue"
4319703577,"2016-04-27",10780,7.23000001907349,7.23000001907349,0,0.409999996423721,1.91999995708466,4.90999984741211,0,6,47,300,680,1,286,307,10780,2324,"Wed"
4319703577,"2016-04-28",10817,7.28000020980835,7.28000020980835,0,1.00999999046326,0.330000013113022,5.94000005722046,0,13,8,359,552,1,497,522,10817,2367,"Thu"
4319703577,"2016-04-29",7990,5.3600001335144,5.3600001335144,0,0.449999988079071,0.790000021457672,4.11999988555908,0,6,18,289,624,1,523,546,7990,2175,"Fri"
4319703577,"2016-04-30",8221,5.51999998092651,5.51999998092651,0,0.400000005960464,1.61000001430511,3.50999999046326,0,6,38,196,695,1,490,516,8221,2092,"Sat"
4319703577,"2016-05-01",1251,0.839999973773956,0.839999973773956,0,0,0,0.839999973773956,0,0,0,67,836,1,484,500,1251,1593,"Sun"
4319703577,"2016-05-02",9261,6.23999977111816,6.23999977111816,0,0,0.439999997615814,5.71000003814697,0,0,11,344,585,1,478,506,9261,2270,"Mon"
4319703577,"2016-05-03",9648,6.46999979019165,6.46999979019165,0,0.579999983310699,1.07000005245209,4.82999992370605,0,8,26,287,669,1,474,512,9648,2235,"Tue"
4319703577,"2016-05-04",10429,7.01999998092651,7.01999998092651,0,0.589999973773956,0.579999983310699,5.84999990463257,0,8,13,313,1106,NA,NA,NA,10429,2282,"Wed"
4319703577,"2016-05-05",13658,9.48999977111816,9.48999977111816,0,2.63000011444092,1.4099999666214,5.44999980926514,0,27,34,328,957,NA,NA,NA,13658,2530,"Thu"
4319703577,"2016-05-06",9524,6.42000007629395,6.42000007629395,0,0.409999996423721,0.469999998807907,5.46000003814697,0,6,11,314,692,1,450,491,9524,2266,"Fri"
4319703577,"2016-05-07",7937,5.32999992370605,5.32999992370605,0,0.189999997615814,1.04999995231628,4.07999992370605,0,3,28,279,586,1,507,530,7937,2158,"Sat"
4319703577,"2016-05-08",3672,2.46000003814697,2.46000003814697,0,0,0,2.46000003814697,0,0,0,153,603,1,602,638,3672,1792,"Sun"
4319703577,"2016-05-09",10378,6.96000003814697,6.96000003814697,0,0.140000000596046,0.560000002384186,6.25,0,2,14,374,490,1,535,565,10378,2345,"Mon"
4319703577,"2016-05-10",9487,6.36999988555908,6.36999988555908,0,0.209999993443489,0.46000000834465,5.69999980926514,0,3,12,329,555,1,487,517,9487,2260,"Tue"
4319703577,"2016-05-11",9129,6.13000011444092,6.13000011444092,0,0.200000002980232,0.740000009536743,5.17999982833862,0,3,18,311,574,1,529,558,9129,2232,"Wed"
4319703577,"2016-05-12",17,0.00999999977648258,0.00999999977648258,0,0,0,0.00999999977648258,0,0,0,2,0,1,302,321,17,257,"Thu"
4388161847,"2016-04-12",10122,7.78000020980835,7.78000020980835,0,0,0,0,0,0,0,0,1440,NA,NA,NA,10122,2955,"Tue"
4388161847,"2016-04-13",10993,8.44999980926514,8.44999980926514,0,0.0599999986588955,0.629999995231628,3.88000011444092,0,1,14,150,1275,NA,NA,NA,10993,3092,"Wed"
4388161847,"2016-04-14",8863,6.82000017166138,6.82000017166138,0,0.129999995231628,1.07000005245209,5.61999988555908,0,10,35,219,945,NA,NA,NA,8863,2998,"Thu"
4388161847,"2016-04-15",8758,6.73000001907349,6.73000001907349,0,0,0,6.73000001907349,0,0,0,299,837,1,499,526,8758,3066,"Fri"
4388161847,"2016-04-16",6580,5.05999994277954,5.05999994277954,0,0.209999993443489,0.400000005960464,4.44999980926514,0,6,9,253,609,2,426,448,6580,3073,"Sat"
4388161847,"2016-04-17",4660,3.57999992370605,3.57999992370605,0,0,0,3.57999992370605,0,0,0,201,721,2,619,641,4660,2572,"Sun"
4388161847,"2016-04-18",11009,9.10000038146973,9.10000038146973,0,3.55999994277954,0.400000005960464,5.1399998664856,0,27,8,239,1017,1,99,104,11009,3274,"Mon"
4388161847,"2016-04-19",10181,7.82999992370605,7.82999992370605,0,1.37000000476837,0.689999997615814,5.76999998092651,0,20,16,249,704,1,329,338,10181,3015,"Tue"
4388161847,"2016-04-20",10553,8.11999988555908,8.11999988555908,0,1.10000002384186,1.72000002861023,5.28999996185303,0,19,42,228,696,1,421,451,10553,3083,"Wed"
4388161847,"2016-04-21",10055,7.73000001907349,7.73000001907349,0,0.370000004768372,0.389999985694885,6.98000001907349,0,7,12,272,853,1,442,458,10055,3069,"Thu"
4388161847,"2016-04-22",12139,9.34000015258789,9.34000015258789,0,3.29999995231628,1.11000001430511,4.92000007629395,0,77,25,220,945,1,82,85,12139,3544,"Fri"
4388161847,"2016-04-23",13236,10.1800003051758,10.1800003051758,0,4.5,0.319999992847443,5.34999990463257,0,58,5,215,749,1,478,501,13236,3306,"Sat"
4388161847,"2016-04-24",10243,7.88000011444092,7.88000011444092,0,1.08000004291534,0.509999990463257,6.30000019073486,0,14,8,239,584,3,552,595,10243,2885,"Sun"
4388161847,"2016-04-25",12961,9.97000026702881,9.97000026702881,0,0.730000019073486,1.39999997615814,7.84000015258789,0,11,31,301,1054,NA,NA,NA,12961,3288,"Mon"
4388161847,"2016-04-26",9461,7.28000020980835,7.28000020980835,0,0.939999997615814,1.05999994277954,5.26999998092651,0,14,23,224,673,1,319,346,9461,2929,"Tue"
4388161847,"2016-04-27",11193,8.60999965667725,8.60999965667725,0,0.699999988079071,2.50999999046326,5.3899998664856,0,11,48,241,684,1,439,500,11193,3074,"Wed"
4388161847,"2016-04-28",10074,7.75,7.75,0,1.28999996185303,0.430000007152557,6.03000020980835,0,19,9,234,878,1,428,458,10074,2969,"Thu"
4388161847,"2016-04-29",9232,7.09999990463257,7.09999990463257,0,0.800000011920929,0.889999985694885,5.42000007629395,0,13,16,236,1175,NA,NA,NA,9232,2979,"Fri"
4388161847,"2016-04-30",12533,9.64000034332275,9.64000034332275,0,0.699999988079071,2,6.94000005722046,0,14,43,300,537,2,409,430,12533,3283,"Sat"
4388161847,"2016-05-01",10255,7.8899998664856,7.8899998664856,0,1.00999999046326,0.680000007152557,6.19999980926514,0,12,15,241,579,1,547,597,10255,2926,"Sun"
4388161847,"2016-05-02",10096,8.39999961853027,8.39999961853027,0,3.76999998092651,0.0799999982118607,4.55000019073486,0,33,4,204,935,2,368,376,10096,3147,"Mon"
4388161847,"2016-05-03",12727,9.78999996185303,9.78999996185303,0,1.12999999523163,0.779999971389771,7.88000011444092,0,18,18,306,984,NA,NA,NA,12727,3290,"Tue"
4388161847,"2016-05-04",12375,9.52000045776367,9.52000045776367,0,2.78999996185303,0.930000007152557,5.80000019073486,0,35,21,251,632,1,390,414,12375,3162,"Wed"
4388161847,"2016-05-05",9603,7.38000011444092,7.38000011444092,0,0.629999995231628,1.66999995708466,5.09000015258789,0,12,39,199,896,1,471,495,9603,2899,"Thu"
4388161847,"2016-05-06",13175,10.1300001144409,10.1300001144409,0,2.10999989509583,2.08999991416931,5.92999982833862,0,33,45,262,1100,NA,NA,NA,13175,3425,"Fri"
4388161847,"2016-05-07",22770,17.5400009155273,17.5400009155273,0,9.44999980926514,2.76999998092651,5.32999992370605,0,120,56,260,508,1,472,496,22770,4022,"Sat"
4388161847,"2016-05-08",17298,14.3800001144409,14.3800001144409,0,9.89000034332275,1.25999999046326,3.23000001907349,0,107,38,178,576,2,529,541,17298,3934,"Sun"
4388161847,"2016-05-09",10218,7.8600001335144,7.8600001335144,0,0.340000003576279,0.730000019073486,6.78999996185303,0,6,19,258,1020,1,62,65,10218,3013,"Mon"
4388161847,"2016-05-10",10299,7.92000007629395,7.92000007629395,0,0.810000002384186,0.649999976158142,6.46000003814697,0,13,14,267,648,1,354,375,10299,3061,"Tue"
4388161847,"2016-05-11",10201,7.84000015258789,7.84000015258789,0,0.529999971389771,0.790000021457672,6.53000020980835,0,8,18,256,858,1,469,494,10201,2954,"Wed"
4388161847,"2016-05-12",3369,2.58999991416931,2.58999991416931,0,0,0,2.58999991416931,0,0,0,108,825,NA,NA,NA,3369,1623,"Thu"
4445114986,"2016-04-12",3276,2.20000004768372,2.20000004768372,0,0,0,2.20000004768372,0,0,0,196,787,2,429,457,3276,2113,"Tue"
4445114986,"2016-04-13",2961,1.99000000953674,1.99000000953674,0,0,0,1.99000000953674,0,0,0,194,840,2,370,406,2961,2095,"Wed"
4445114986,"2016-04-14",3974,2.67000007629395,2.67000007629395,0,0,0,2.67000007629395,0,0,0,231,717,1,441,492,3974,2194,"Thu"
4445114986,"2016-04-15",7198,4.82999992370605,4.82999992370605,0,0,0,4.82999992370605,0,0,0,350,711,2,337,379,7198,2496,"Fri"
4445114986,"2016-04-16",3945,2.65000009536743,2.65000009536743,0,0,0,2.65000009536743,0,0,0,225,716,1,462,499,3945,2180,"Sat"
4445114986,"2016-04-17",2268,1.51999998092651,1.51999998092651,0,0,0,1.51999998092651,0,0,0,114,1219,1,98,107,2268,1933,"Sun"
4445114986,"2016-04-18",6155,4.23999977111816,4.23999977111816,0,2,0.28999999165535,1.95000004768372,0,25,6,162,1247,NA,NA,NA,6155,2248,"Mon"
4445114986,"2016-04-19",2064,1.38999998569489,1.38999998569489,0,0,0,1.38999998569489,0,0,0,121,895,2,388,424,2064,1954,"Tue"
4445114986,"2016-04-20",2072,1.38999998569489,1.38999998569489,0,0,0,1.38999998569489,0,0,0,137,841,1,439,462,2072,1974,"Wed"
4445114986,"2016-04-21",3809,2.55999994277954,2.55999994277954,0,0,0,2.53999996185303,0,0,0,215,756,1,436,469,3809,2150,"Thu"
4445114986,"2016-04-22",6831,4.57999992370605,4.57999992370605,0,0,0,4.57999992370605,0,0,0,317,706,1,388,417,6831,2432,"Fri"
4445114986,"2016-04-23",4363,2.9300000667572,2.9300000667572,0,0,0,2.9300000667572,0,0,0,201,1239,NA,NA,NA,4363,2149,"Sat"
4445114986,"2016-04-24",5002,3.35999989509583,3.35999989509583,0,0,0,3.35999989509583,0,0,0,244,1196,NA,NA,NA,5002,2247,"Sun"
4445114986,"2016-04-25",3385,2.26999998092651,2.26999998092651,0,0,0,2.26999998092651,0,0,0,179,916,1,328,345,3385,2070,"Mon"
4445114986,"2016-04-26",6326,4.40999984741211,4.40999984741211,0,2.41000008583069,0.0399999991059303,1.96000003814697,0,29,1,180,839,2,353,391,6326,2291,"Tue"
4445114986,"2016-04-27",7243,5.03000020980835,5.03000020980835,0,2.61999988555908,0.0299999993294477,2.38000011444092,0,32,1,194,839,1,332,374,7243,2361,"Wed"
4445114986,"2016-04-28",4493,3.00999999046326,3.00999999046326,0,0,0,3.00999999046326,0,0,0,236,762,1,419,442,4493,2203,"Thu"
4445114986,"2016-04-29",4676,3.14000010490417,3.14000010490417,0,0,0,3.13000011444092,0,0,0,226,1106,1,106,108,4676,2196,"Fri"
4445114986,"2016-04-30",6222,4.17999982833862,4.17999982833862,0,0,0,4.17999982833862,0,0,0,290,797,1,322,353,6222,2363,"Sat"
4445114986,"2016-05-01",5232,3.50999999046326,3.50999999046326,0,0,0,3.50999999046326,0,0,0,240,741,2,439,459,5232,2246,"Sun"
4445114986,"2016-05-02",6910,4.75,4.75,0,2.21000003814697,0.189999997615814,2.34999990463257,0,27,4,200,667,1,502,542,6910,2336,"Mon"
4445114986,"2016-05-03",7502,5.17999982833862,5.17999982833862,0,2.48000001907349,0.109999999403954,2.57999992370605,0,30,2,233,725,2,417,450,7502,2421,"Tue"
4445114986,"2016-05-04",2923,1.96000003814697,1.96000003814697,0,0,0,1.96000003814697,0,0,0,180,897,2,337,363,2923,2070,"Wed"
4445114986,"2016-05-05",3800,2.54999995231628,2.54999995231628,0,0.119999997317791,0.239999994635582,2.1800000667572,0,2,6,185,734,2,462,513,3800,2120,"Thu"
4445114986,"2016-05-06",4514,3.02999997138977,3.02999997138977,0,0,0,3.02999997138977,0,0,0,229,809,2,374,402,4514,2211,"Fri"
4445114986,"2016-05-07",5183,3.58999991416931,3.58999991416931,0,2.13000011444092,0.189999997615814,1.25,0,26,4,108,866,2,401,436,5183,2123,"Sat"
4445114986,"2016-05-08",7303,4.90000009536743,4.90000009536743,0,0,0.25,4.65000009536743,0,0,8,308,733,1,361,391,7303,2423,"Sun"
4445114986,"2016-05-09",5275,3.53999996185303,3.53999996185303,0,0,0,3.53999996185303,0,0,0,266,641,1,457,533,5275,2281,"Mon"
4445114986,"2016-05-10",3915,2.63000011444092,2.63000011444092,0,0,0,2.63000011444092,0,0,0,231,783,1,405,426,3915,2181,"Tue"
4445114986,"2016-05-11",9105,6.1100001335144,6.1100001335144,0,2.25,1,2.85999989509583,0,34,22,232,622,1,499,530,9105,2499,"Wed"
4445114986,"2016-05-12",768,0.519999980926514,0.519999980926514,0,0,0,0.519999980926514,0,0,0,58,380,1,483,501,768,1212,"Thu"
4558609924,"2016-04-12",5135,3.39000010490417,3.39000010490417,0,0,0,3.39000010490417,0,0,0,318,1122,NA,NA,NA,5135,1909,"Tue"
4558609924,"2016-04-13",4978,3.28999996185303,3.28999996185303,0,1.24000000953674,0.439999997615814,1.61000001430511,0,19,7,127,1287,NA,NA,NA,4978,1722,"Wed"
4558609924,"2016-04-14",6799,4.48999977111816,4.48999977111816,0,0,0,4.48999977111816,0,0,0,279,1161,NA,NA,NA,6799,1922,"Thu"
4558609924,"2016-04-15",7795,5.15000009536743,5.15000009536743,0,0.589999973773956,0.839999973773956,3.73000001907349,0,17,30,262,1131,NA,NA,NA,7795,2121,"Fri"
4558609924,"2016-04-16",7289,4.82000017166138,4.82000017166138,0,0.550000011920929,0.75,3.5,0,8,12,308,1112,NA,NA,NA,7289,1997,"Sat"
4558609924,"2016-04-17",9634,6.40000009536743,6.40000009536743,0,0.550000011920929,1.13999998569489,4.71000003814697,0,7,19,304,1110,NA,NA,NA,9634,2117,"Sun"
4558609924,"2016-04-18",8940,5.90999984741211,5.90999984741211,0,0.980000019073486,0.930000007152557,4,0,14,15,331,1080,NA,NA,NA,8940,2116,"Mon"
4558609924,"2016-04-19",5401,3.5699999332428,3.5699999332428,0,0.0500000007450581,0.360000014305115,3.16000008583069,0,1,9,248,1182,NA,NA,NA,5401,1876,"Tue"
4558609924,"2016-04-20",4803,3.17000007629395,3.17000007629395,0,0,0,3.17000007629395,0,0,0,222,1218,NA,NA,NA,4803,1788,"Wed"
4558609924,"2016-04-21",13743,9.07999992370605,9.07999992370605,0,0.419999986886978,0.970000028610229,7.69999980926514,0,6,21,432,844,1,126,137,13743,2486,"Thu"
4558609924,"2016-04-22",9601,6.34999990463257,6.34999990463257,0,1.37000000476837,1.5,3.47000002861023,0,20,25,273,1122,NA,NA,NA,9601,2094,"Fri"
4558609924,"2016-04-23",6890,4.55000019073486,4.55000019073486,0,0.340000003576279,0.200000002980232,4.01000022888184,0,5,5,308,1122,NA,NA,NA,6890,2085,"Sat"
4558609924,"2016-04-24",8563,5.65999984741211,5.65999984741211,0,0,0,5.65000009536743,0,0,0,395,1045,NA,NA,NA,8563,2173,"Sun"
4558609924,"2016-04-25",8095,5.34999990463257,5.34999990463257,0,0.589999973773956,0.25,4.51000022888184,0,18,10,340,993,NA,NA,NA,8095,2225,"Mon"
4558609924,"2016-04-26",9148,6.05000019073486,6.05000019073486,0,0.430000007152557,2.02999997138977,3.58999991416931,0,12,41,283,1062,1,103,121,9148,2223,"Tue"
4558609924,"2016-04-27",9557,6.32000017166138,6.32000017166138,0,1.96000003814697,0.889999985694885,3.46000003814697,0,27,14,312,1087,NA,NA,NA,9557,2098,"Wed"
4558609924,"2016-04-28",9451,6.25,6.25,0,0.0199999995529652,0.270000010728836,5.94999980926514,0,1,11,367,985,NA,NA,NA,9451,2185,"Thu"
4558609924,"2016-04-29",7833,5.17999982833862,5.17999982833862,0,1.01999998092651,1.85000002384186,2.30999994277954,0,15,29,197,1096,1,171,179,7833,1918,"Fri"
4558609924,"2016-04-30",10319,6.82000017166138,6.82000017166138,0,0.469999998807907,1.88999998569489,4.46000003814697,0,7,29,293,1111,NA,NA,NA,10319,2105,"Sat"
4558609924,"2016-05-01",3428,2.26999998092651,2.26999998092651,0,0,0,2.26999998092651,0,0,0,190,1121,1,115,129,3428,1692,"Sun"
4558609924,"2016-05-02",7891,5.21999979019165,5.21999979019165,0,0,0,5.21999979019165,0,0,0,383,1057,NA,NA,NA,7891,2066,"Mon"
4558609924,"2016-05-03",5267,3.48000001907349,3.48000001907349,0,0.600000023841858,0.280000001192093,2.59999990463257,0,21,10,237,1172,NA,NA,NA,5267,1953,"Tue"
4558609924,"2016-05-04",5232,3.46000003814697,3.46000003814697,0,0,0,3.46000003814697,0,0,0,252,1188,NA,NA,NA,5232,1842,"Wed"
4558609924,"2016-05-05",10611,7.01000022888184,7.01000022888184,0,1.00999999046326,0.5,5.51000022888184,0,14,8,370,1048,NA,NA,NA,10611,2262,"Thu"
4558609924,"2016-05-06",3755,2.48000001907349,2.48000001907349,0,0,0,2.48000001907349,0,0,0,202,1238,NA,NA,NA,3755,1722,"Fri"
4558609924,"2016-05-07",8237,5.44000005722046,5.44000005722046,0,1.61000001430511,1,2.82999992370605,0,23,16,233,1116,NA,NA,NA,8237,1973,"Sat"
4558609924,"2016-05-08",6543,4.32999992370605,4.32999992370605,0,1.79999995231628,0.5,2.01999998092651,0,66,35,238,1019,1,123,134,6543,2666,"Sun"
4558609924,"2016-05-09",11451,7.57000017166138,7.57000017166138,0,0.430000007152557,1.62000000476837,5.51999998092651,0,6,30,339,1065,NA,NA,NA,11451,2223,"Mon"
4558609924,"2016-05-10",6435,4.25,4.25,0,0.740000009536743,1.12000000476837,2.39000010490417,0,11,18,220,1191,NA,NA,NA,6435,1889,"Tue"
4558609924,"2016-05-11",9108,6.01999998092651,6.01999998092651,0,0.259999990463257,1.82000005245209,3.94000005722046,0,4,31,324,1081,NA,NA,NA,9108,2131,"Wed"
4558609924,"2016-05-12",6307,4.17000007629395,4.17000007629395,0,0,0,4.17000007629395,0,0,0,247,736,NA,NA,NA,6307,1452,"Thu"
4702921684,"2016-04-12",7213,5.88000011444092,5.88000011444092,0,0,0,5.84999990463257,0,0,0,263,718,1,425,439,7213,2947,"Tue"
4702921684,"2016-04-13",6877,5.57999992370605,5.57999992370605,0,0,0,5.57999992370605,0,0,0,258,777,2,400,430,6877,2898,"Wed"
4702921684,"2016-04-14",7860,6.36999988555908,6.36999988555908,0,0,0,6.36999988555908,0,0,0,271,772,1,384,415,7860,2984,"Thu"
4702921684,"2016-04-15",6506,5.28000020980835,5.28000020980835,0,0.0700000002980232,0.419999986886978,4.78999996185303,0,1,8,256,944,1,253,257,6506,2896,"Fri"
4702921684,"2016-04-16",11140,9.02999973297119,9.02999973297119,0,0.239999994635582,1.25,7.53999996185303,0,3,24,335,556,2,382,406,11140,3328,"Sat"
4702921684,"2016-04-17",12692,10.289999961853,10.289999961853,0,0.959999978542328,3.46000003814697,5.88000011444092,0,12,66,302,437,1,591,612,12692,3394,"Sun"
4702921684,"2016-04-18",9105,7.38000011444092,7.38000011444092,0,1.82000005245209,1.49000000953674,4.07000017166138,0,22,30,191,890,1,293,312,9105,3013,"Mon"
4702921684,"2016-04-19",6708,5.44000005722046,5.44000005722046,0,0.879999995231628,0.370000004768372,4.19000005722046,0,10,8,179,757,1,457,487,6708,2812,"Tue"
4702921684,"2016-04-20",8793,7.13000011444092,7.13000011444092,0,0.159999996423721,1.23000001907349,5.73000001907349,0,2,29,260,717,1,454,468,8793,3061,"Wed"
4702921684,"2016-04-21",6530,5.30000019073486,5.30000019073486,0,0.310000002384186,2.04999995231628,2.94000005722046,0,4,41,144,901,1,425,434,6530,2729,"Thu"
4702921684,"2016-04-22",1664,1.35000002384186,1.35000002384186,0,0,0,1.35000002384186,0,0,0,72,1341,NA,NA,NA,1664,2241,"Fri"
4702921684,"2016-04-23",15126,12.2700004577637,12.2700004577637,0,0.759999990463257,3.24000000953674,8.27000045776367,0,9,66,408,469,1,465,475,15126,3691,"Sat"
4702921684,"2016-04-24",15050,12.2200002670288,12.2200002670288,0,1.20000004768372,5.11999988555908,5.88000011444092,0,15,95,281,542,1,480,506,15050,3538,"Sun"
4702921684,"2016-04-25",9167,7.42999982833862,7.42999982833862,0,0.490000009536743,0.819999992847443,6.1100001335144,0,6,15,270,730,1,370,380,9167,3064,"Mon"
4702921684,"2016-04-26",6108,4.94999980926514,4.94999980926514,0,0.0700000002980232,0.349999994039536,4.53999996185303,0,1,8,216,765,1,421,429,6108,2784,"Tue"
4702921684,"2016-04-27",7047,5.71999979019165,5.71999979019165,0,0.0900000035762787,0.800000011920929,4.78000020980835,0,1,16,238,733,1,432,449,7047,2908,"Wed"
4702921684,"2016-04-28",9023,7.32000017166138,7.32000017166138,0,1.12999999523163,0.419999986886978,5.76999998092651,0,14,9,232,738,1,442,461,9023,3033,"Thu"
4702921684,"2016-04-29",9930,8.05000019073486,8.05000019073486,0,1.05999994277954,0.920000016689301,6.07000017166138,0,12,19,267,692,1,433,447,9930,3165,"Fri"
4702921684,"2016-04-30",10144,8.22999954223633,8.22999954223633,0,0.319999992847443,2.02999997138977,5.88000011444092,0,4,36,263,728,1,479,501,10144,3115,"Sat"
4702921684,"2016-05-01",0,0,0,0,0,0,0,0,0,0,0,1440,NA,NA,NA,0,2017,"Sun"
4702921684,"2016-05-02",7245,5.92000007629395,5.92000007629395,0,0.379999995231628,1.74000000953674,3.75999999046326,0,5,40,195,1131,NA,NA,NA,7245,2859,"Mon"
4702921684,"2016-05-03",9454,7.67000007629395,7.67000007629395,0,0,0,7.67000007629395,0,0,0,313,729,1,327,373,9454,3145,"Tue"
4702921684,"2016-05-04",8161,6.61999988555908,6.61999988555908,0,0.340000003576279,0.730000019073486,5.53999996185303,0,4,15,251,757,1,412,434,8161,3004,"Wed"
4702921684,"2016-05-05",8614,6.98999977111816,6.98999977111816,0,0.670000016689301,0.219999998807907,6.09000015258789,0,8,5,241,745,1,414,428,8614,3006,"Thu"
4702921684,"2016-05-06",6943,5.63000011444092,5.63000011444092,0,0.0799999982118607,0.660000026226044,4.86999988555908,0,1,16,207,682,1,404,449,6943,2859,"Fri"
4702921684,"2016-05-07",14370,11.6499996185303,11.6499996185303,0,0.370000004768372,2.30999994277954,8.97000026702881,0,5,46,439,577,1,520,543,14370,3683,"Sat"
4702921684,"2016-05-08",12857,10.4300003051758,10.4300003051758,0,0.680000007152557,6.21000003814697,3.53999996185303,0,9,125,192,1019,NA,NA,NA,12857,3287,"Sun"
4702921684,"2016-05-09",8232,6.67999982833862,6.67999982833862,0,0,0.569999992847443,6.09999990463257,0,0,12,253,746,1,435,458,8232,2990,"Mon"
4702921684,"2016-05-10",10613,8.60999965667725,8.60999965667725,0,0.0799999982118607,1.87999999523163,6.65000009536743,0,1,37,262,701,1,416,431,10613,3172,"Tue"
4702921684,"2016-05-11",9810,7.96000003814697,7.96000003814697,0,0.779999971389771,2.16000008583069,4.98000001907349,0,10,41,235,784,1,354,366,9810,3069,"Wed"
4702921684,"2016-05-12",2752,2.23000001907349,2.23000001907349,0,0,0,2.23000001907349,0,0,0,68,241,1,404,442,2752,1240,"Thu"
5553957443,"2016-04-12",11596,7.57000017166138,7.57000017166138,0,1.37000000476837,0.790000021457672,5.40999984741211,0,19,13,277,767,1,441,464,11596,2026,"Tue"
5553957443,"2016-04-13",4832,3.16000008583069,3.16000008583069,0,0,0,3.16000008583069,0,0,0,226,647,2,455,488,4832,1718,"Wed"
5553957443,"2016-04-14",17022,11.1199998855591,11.1199998855591,0,4,2.45000004768372,4.67000007629395,0,61,41,256,693,1,357,418,17022,2324,"Thu"
5553957443,"2016-04-15",16556,10.8599996566772,10.8599996566772,0,4.15999984741211,1.98000001907349,4.71000003814697,0,58,38,239,689,1,377,409,16556,2254,"Fri"
5553957443,"2016-04-16",5771,3.76999998092651,3.76999998092651,0,0,0,3.76999998092651,0,0,0,288,521,2,651,686,5771,1831,"Sat"
5553957443,"2016-04-17",655,0.430000007152557,0.430000007152557,0,0,0,0.430000007152557,0,0,0,46,943,1,350,402,655,1397,"Sun"
5553957443,"2016-04-18",3727,2.4300000667572,2.4300000667572,0,0,0,2.4300000667572,0,0,0,206,622,2,520,541,3727,1683,"Mon"
5553957443,"2016-04-19",15482,10.1099996566772,10.1099996566772,0,4.28000020980835,1.6599999666214,4.17999982833862,0,69,28,249,756,1,357,410,15482,2284,"Tue"
5553957443,"2016-04-20",2713,1.76999998092651,1.76999998092651,0,0,0,1.76999998092651,0,0,0,148,598,1,658,678,2713,1570,"Wed"
5553957443,"2016-04-21",12346,8.0600004196167,8.0600004196167,0,2.95000004768372,2.16000008583069,2.96000003814697,0,47,42,177,801,1,399,431,12346,2066,"Thu"
5553957443,"2016-04-22",11682,7.63000011444092,7.63000011444092,0,1.37999999523163,0.629999995231628,5.59999990463257,0,25,16,270,781,1,322,353,11682,2105,"Fri"
5553957443,"2016-04-23",4112,2.69000005722046,2.69000005722046,0,0,0,2.6800000667572,0,0,0,272,443,2,631,725,4112,1776,"Sat"
5553957443,"2016-04-24",1807,1.17999994754791,1.17999994754791,0,0,0,1.17999994754791,0,0,0,104,582,2,553,640,1807,1507,"Sun"
5553957443,"2016-04-25",10946,7.19000005722046,7.19000005722046,0,2.9300000667572,0.569999992847443,3.69000005722046,0,51,11,201,732,1,433,468,10946,2033,"Mon"
5553957443,"2016-04-26",11886,7.76000022888184,7.76000022888184,0,2.36999988555908,0.930000007152557,4.46000003814697,0,40,18,238,750,1,412,453,11886,2093,"Tue"
5553957443,"2016-04-27",10538,6.88000011444092,6.88000011444092,0,1.13999998569489,1,4.73999977111816,0,16,16,206,745,1,347,391,10538,1922,"Wed"
5553957443,"2016-04-28",11393,7.63000011444092,7.63000011444092,0,3.71000003814697,0.75,3.17000007629395,0,49,13,165,727,1,421,457,11393,1999,"Thu"
5553957443,"2016-04-29",12764,8.32999992370605,8.32999992370605,0,2.78999996185303,0.639999985694885,4.90999984741211,0,46,15,270,709,1,450,495,12764,2169,"Fri"
5553957443,"2016-04-30",1202,0.779999971389771,0.779999971389771,0,0,0,0.779999971389771,0,0,0,84,506,2,775,843,1202,1463,"Sat"
5553957443,"2016-05-01",5164,3.36999988555908,3.36999988555908,0,0,0,3.36999988555908,0,0,0,237,436,2,622,686,5164,1747,"Sun"
5553957443,"2016-05-02",9769,6.38000011444092,6.38000011444092,0,1.05999994277954,0.409999996423721,4.90000009536743,0,23,9,227,724,1,409,471,9769,1996,"Mon"
5553957443,"2016-05-03",12848,8.39000034332275,8.39000034332275,0,1.5,1.20000004768372,5.67999982833862,0,26,29,247,812,1,380,429,12848,2116,"Tue"
5553957443,"2016-05-04",4249,2.76999998092651,2.76999998092651,0,0,0,2.76999998092651,0,0,0,224,651,1,447,470,4249,1698,"Wed"
5553957443,"2016-05-05",14331,9.51000022888184,9.51000022888184,0,3.4300000667572,1.6599999666214,4.42999982833862,0,44,29,241,692,1,419,464,14331,2156,"Thu"
5553957443,"2016-05-06",9632,6.28999996185303,6.28999996185303,0,1.51999998092651,0.540000021457672,4.23000001907349,0,21,9,229,761,1,400,434,9632,1916,"Fri"
5553957443,"2016-05-07",1868,1.22000002861023,1.22000002861023,0,0,0,1.22000002861023,0,0,0,96,902,1,442,470,1868,1494,"Sat"
5553957443,"2016-05-08",6083,4,4,0,0.219999998807907,0.469999998807907,3.29999995231628,0,3,8,210,505,1,568,608,6083,1762,"Sun"
5553957443,"2016-05-09",11611,7.57999992370605,7.57999992370605,0,2.13000011444092,0.889999985694885,4.55999994277954,0,59,22,251,667,1,453,494,11611,2272,"Mon"
5553957443,"2016-05-10",16358,10.710000038147,10.710000038147,0,3.86999988555908,1.61000001430511,5.19999980926514,0,61,40,265,707,1,418,443,16358,2335,"Tue"
5553957443,"2016-05-11",4926,3.22000002861023,3.22000002861023,0,0,0,3.22000002861023,0,0,0,195,628,1,463,486,4926,1693,"Wed"
5553957443,"2016-05-12",3121,2.03999996185303,2.03999996185303,0,0.579999983310699,0.400000005960464,1.05999994277954,0,8,6,48,222,1,438,475,3121,741,"Thu"
5577150313,"2016-04-12",8135,6.07999992370605,6.07999992370605,0,3.59999990463257,0.379999995231628,2.09999990463257,0,86,16,140,728,1,419,438,8135,3405,"Tue"
5577150313,"2016-04-13",5077,3.78999996185303,3.78999996185303,0,0.319999992847443,0.219999998807907,3.25,0,15,11,144,776,1,432,458,5077,2551,"Wed"
5577150313,"2016-04-14",8596,6.42000007629395,6.42000007629395,0,3.32999992370605,0.310000002384186,2.77999997138977,0,118,30,176,662,1,477,497,8596,4022,"Thu"
5577150313,"2016-04-15",12087,9.07999992370605,9.07999992370605,0,3.92000007629395,1.60000002384186,3.55999994277954,0,115,54,199,695,1,392,413,12087,4005,"Fri"
5577150313,"2016-04-16",14269,10.6599998474121,10.6599998474121,0,6.6399998664856,1.27999997138977,2.73000001907349,0,184,56,158,472,1,406,445,14269,4274,"Sat"
5577150313,"2016-04-17",12231,9.14000034332275,9.14000034332275,0,5.98000001907349,0.829999983310699,2.3199999332428,0,200,37,159,525,1,549,583,12231,4552,"Sun"
5577150313,"2016-04-18",9893,7.3899998664856,7.3899998664856,0,4.8600001335144,0.720000028610229,1.82000005245209,0,114,32,130,623,1,527,553,9893,3625,"Mon"
5577150313,"2016-04-19",12574,9.42000007629395,9.42000007629395,0,7.01999998092651,0.639999985694885,1.75999999046326,0,108,23,111,733,1,449,465,12574,3501,"Tue"
5577150313,"2016-04-20",8330,6.21999979019165,6.21999979019165,0,4.11999988555908,0.340000003576279,1.75999999046326,0,87,16,113,773,1,447,480,8330,3192,"Wed"
5577150313,"2016-04-21",10830,8.09000015258789,8.09000015258789,0,3.65000009536743,1.6599999666214,2.77999997138977,0,110,74,175,670,1,414,437,10830,4018,"Thu"
5577150313,"2016-04-22",9172,6.84999990463257,6.84999990463257,0,2.42000007629395,0.790000021457672,3.29999995231628,0,62,30,200,823,1,338,366,9172,3329,"Fri"
5577150313,"2016-04-23",7638,5.71000003814697,5.71000003814697,0,1.21000003814697,0.360000014305115,4.1399998664856,0,24,24,223,627,1,384,402,7638,3152,"Sat"
5577150313,"2016-04-24",15764,11.7799997329712,11.7799997329712,0,7.65000009536743,2.15000009536743,1.98000001907349,0,210,65,141,425,1,543,615,15764,4392,"Sun"
5577150313,"2016-04-25",6393,4.78000020980835,4.78000020980835,0,1.35000002384186,0.670000016689301,2.75999999046326,0,61,38,214,743,1,421,461,6393,3374,"Mon"
5577150313,"2016-04-26",5325,3.98000001907349,3.98000001907349,0,0.850000023841858,0.649999976158142,2.47000002861023,0,38,32,181,759,1,354,377,5325,3088,"Tue"
5577150313,"2016-04-27",6805,5.1399998664856,5.1399998664856,0,1.80999994277954,0.400000005960464,2.9300000667572,0,63,16,190,773,1,424,452,6805,3294,"Wed"
5577150313,"2016-04-28",9841,7.42999982833862,7.42999982833862,0,3.25,1.16999995708466,3.00999999046326,0,99,51,141,692,1,361,372,9841,3580,"Thu"
5577150313,"2016-04-29",7924,5.92000007629395,5.92000007629395,0,2.83999991416931,0.610000014305115,2.47000002861023,0,97,36,165,739,1,459,485,7924,3544,"Fri"
5577150313,"2016-04-30",12363,9.23999977111816,9.23999977111816,0,5.82999992370605,0.790000021457672,2.60999989509583,0,207,45,163,621,1,412,433,12363,4501,"Sat"
5577150313,"2016-05-01",13368,9.98999977111816,9.98999977111816,0,5.30999994277954,1.44000005722046,3.24000000953674,0,194,72,178,499,1,379,398,13368,4546,"Sun"
5577150313,"2016-05-02",7439,5.55999994277954,5.55999994277954,0,1.12000000476837,0.349999994039536,4.07000017166138,0,37,20,235,732,2,525,553,7439,3014,"Mon"
5577150313,"2016-05-03",11045,8.25,8.25,0,4.51999998092651,0.150000005960464,3.5699999332428,0,97,8,212,580,1,508,543,11045,3795,"Tue"
5577150313,"2016-05-04",5206,3.89000010490417,3.89000010490417,0,1.55999994277954,0.25,2.07999992370605,0,25,9,141,631,1,603,634,5206,2755,"Wed"
5577150313,"2016-05-05",7550,5.6399998664856,5.6399998664856,0,2.5,0.469999998807907,2.67000007629395,0,45,21,143,1153,1,74,78,7550,3004,"Thu"
5577150313,"2016-05-06",4950,3.70000004768372,3.70000004768372,0,1.92999994754791,0.319999992847443,1.45000004768372,0,41,16,79,1304,NA,NA,NA,4950,2643,"Fri"
5577150313,"2016-05-07",0,0,0,0,0,0,0,0,0,0,0,1440,NA,NA,NA,0,1819,"Sat"
5577150313,"2016-05-08",0,0,0,0,0,0,0,0,0,0,0,1440,NA,NA,NA,0,1819,"Sun"
5577150313,"2016-05-09",3421,2.55999994277954,2.55999994277954,0,1.42999994754791,0.140000000596046,0.990000009536743,0,34,11,70,1099,NA,NA,NA,3421,2489,"Mon"
5577150313,"2016-05-10",8869,6.65000009536743,6.65000009536743,0,2.55999994277954,0.75,3.34999990463257,0,104,37,194,639,1,504,562,8869,3841,"Tue"
5577150313,"2016-05-11",4038,3.03999996185303,3.03999996185303,0,1.83000004291534,0.300000011920929,0.889999985694885,0,45,15,63,257,1,431,476,4038,1665,"Wed"
6117666160,"2016-04-12",0,0,0,0,0,0,0,0,0,0,0,1440,NA,NA,NA,0,1496,"Tue"
6117666160,"2016-04-13",0,0,0,0,0,0,0,0,0,0,0,1440,NA,NA,NA,0,1496,"Wed"
6117666160,"2016-04-14",0,0,0,0,0,0,0,0,0,0,0,1440,NA,NA,NA,0,1496,"Thu"
6117666160,"2016-04-15",14019,10.5900001525879,10.5900001525879,0,0,0.280000001192093,10.3000001907349,0,0,6,513,921,NA,NA,NA,14019,2865,"Fri"
6117666160,"2016-04-16",14450,10.9099998474121,10.9099998474121,0,0.579999983310699,0.850000023841858,9.47999954223633,0,7,15,518,502,1,380,398,14450,2828,"Sat"
6117666160,"2016-04-17",7150,5.40000009536743,5.40000009536743,0,0,0,5.40000009536743,0,0,0,312,702,2,336,350,7150,2225,"Sun"
6117666160,"2016-04-18",5153,3.91000008583069,3.91000008583069,0,0,0,3.89000010490417,0,0,0,241,759,2,493,510,5153,2018,"Mon"
6117666160,"2016-04-19",11135,8.40999984741211,8.40999984741211,0,0,0,8.40999984741211,0,0,0,480,425,1,465,492,11135,2606,"Tue"
6117666160,"2016-04-20",10449,8.02000045776367,8.02000045776367,0,2.02999997138977,0.479999989271164,5.51999998092651,0,26,10,349,587,1,474,502,10449,2536,"Wed"
6117666160,"2016-04-21",19542,15.0100002288818,15.0100002288818,0,0.980000019073486,0.400000005960464,5.61999988555908,0,11,19,294,579,1,508,550,19542,4900,"Thu"
6117666160,"2016-04-22",8206,6.19999980926514,6.19999980926514,0,0,0,6.19999980926514,0,0,0,402,413,1,480,546,8206,2409,"Fri"
6117666160,"2016-04-23",11495,8.68000030517578,8.68000030517578,0,0,0,8.68000030517578,0,0,0,512,468,1,492,539,11495,2651,"Sat"
6117666160,"2016-04-24",7623,5.76000022888184,5.76000022888184,0,0,0,5.76000022888184,0,0,0,362,711,1,353,367,7623,2305,"Sun"
6117666160,"2016-04-25",0,0,0,0,0,0,0,0,0,0,0,1440,NA,NA,NA,0,1497,"Mon"
6117666160,"2016-04-26",9543,7.21000003814697,7.21000003814697,0,0,0.340000003576279,6.86999988555908,0,0,7,352,1077,NA,NA,NA,9543,2450,"Tue"
6117666160,"2016-04-27",9411,7.1100001335144,7.1100001335144,0,0,0,7.1100001335144,0,0,0,458,417,1,542,557,9411,2576,"Wed"
6117666160,"2016-04-28",3403,2.59999990463257,2.59999990463257,0,0,0,2.59999990463257,0,0,0,141,758,1,393,416,3403,1879,"Thu"
6117666160,"2016-04-29",9592,7.23999977111816,7.23999977111816,0,0,0,7.23999977111816,0,0,0,461,479,1,600,636,9592,2560,"Fri"
6117666160,"2016-04-30",6987,5.28000020980835,5.28000020980835,0,0,0,5.28000020980835,0,0,0,343,1040,NA,NA,NA,6987,2275,"Sat"
6117666160,"2016-05-01",8915,6.73000001907349,6.73000001907349,0,0,0,6.73000001907349,0,0,0,397,525,1,507,575,8915,2361,"Sun"
6117666160,"2016-05-02",4933,3.73000001907349,3.73000001907349,0,0,0,3.73000001907349,0,0,0,236,1204,NA,NA,NA,4933,2044,"Mon"
6117666160,"2016-05-03",0,0,0,0,0,0,0,0,0,0,0,1440,NA,NA,NA,0,1496,"Tue"
6117666160,"2016-05-04",2997,2.25999999046326,2.25999999046326,0,0,0,2.25999999046326,0,0,0,156,1279,NA,NA,NA,2997,1902,"Wed"
6117666160,"2016-05-05",9799,7.40000009536743,7.40000009536743,0,0,0,7.40000009536743,0,0,0,487,479,1,392,415,9799,2636,"Thu"
6117666160,"2016-05-06",3365,2.6800000667572,2.6800000667572,0,0,0,2.6800000667572,0,0,0,133,673,2,658,698,3365,1838,"Fri"
6117666160,"2016-05-07",7336,5.53999996185303,5.53999996185303,0,0,0,5.53999996185303,0,0,0,412,456,2,498,507,7336,2469,"Sat"
6117666160,"2016-05-08",7328,5.53000020980835,5.53000020980835,0,0,0,5.53000020980835,0,0,0,318,517,1,555,603,7328,2250,"Sun"
6117666160,"2016-05-09",4477,3.38000011444092,3.38000011444092,0,0,0,3.38000011444092,0,0,0,197,125,1,492,522,4477,1248,"Mon"
6290855005,"2016-04-12",4562,3.45000004768372,3.45000004768372,0,0,0,3.45000004768372,0,0,0,199,1241,NA,NA,NA,4562,2560,"Tue"
6290855005,"2016-04-13",7142,5.40000009536743,5.40000009536743,0,0,0,5.3899998664856,0.00999999977648258,0,0,350,1090,NA,NA,NA,7142,2905,"Wed"
6290855005,"2016-04-14",7671,5.80000019073486,5.80000019073486,0,0,0,5.76999998092651,0.0299999993294477,0,0,363,1077,NA,NA,NA,7671,2952,"Thu"
6290855005,"2016-04-15",9501,7.17999982833862,7.17999982833862,0,0,0,7.17000007629395,0.00999999977648258,0,0,328,1112,NA,NA,NA,9501,2896,"Fri"
6290855005,"2016-04-16",8301,6.28000020980835,6.28000020980835,0,0,0,6.26999998092651,0.00999999977648258,0,0,258,1182,NA,NA,NA,8301,2783,"Sat"
6290855005,"2016-04-17",7851,5.94000005722046,5.94000005722046,0,1.13999998569489,0.790000021457672,4,0,31,12,225,1172,NA,NA,NA,7851,3171,"Sun"
6290855005,"2016-04-18",6885,5.21000003814697,5.21000003814697,0,0,0,5.19000005722046,0.0199999995529652,0,0,271,1169,NA,NA,NA,6885,2766,"Mon"
6290855005,"2016-04-19",7142,5.40000009536743,5.40000009536743,0,0,0,5.3899998664856,0.00999999977648258,0,0,321,1119,NA,NA,NA,7142,2839,"Tue"
6290855005,"2016-04-20",6361,4.80999994277954,4.80999994277954,0,0,0,4.80000019073486,0.00999999977648258,0,0,258,1182,NA,NA,NA,6361,2701,"Wed"
6290855005,"2016-04-21",0,0,0,0,0,0,0,0,0,0,0,1440,NA,NA,NA,0,2060,"Thu"
6290855005,"2016-04-22",6238,4.71999979019165,4.71999979019165,0,0,0,4.71999979019165,0,0,0,302,1138,NA,NA,NA,6238,2796,"Fri"
6290855005,"2016-04-23",0,0,0,0,0,0,0,0,33,0,0,1407,NA,NA,NA,0,2664,"Sat"
6290855005,"2016-04-24",5896,4.46000003814697,4.46000003814697,0,0,0,4.46000003814697,0,0,0,258,1182,NA,NA,NA,5896,2703,"Sun"
6290855005,"2016-04-25",7802,5.90000009536743,5.90000009536743,0,0.680000007152557,0.180000007152557,5.03000020980835,0.00999999977648258,8,3,249,1180,NA,NA,NA,7802,2771,"Mon"
6290855005,"2016-04-26",0,0,0,0,0,0,0,0,0,0,0,1440,NA,NA,NA,0,2060,"Tue"
6290855005,"2016-04-27",5565,4.21000003814697,4.21000003814697,0,0,0,4.17999982833862,0.0299999993294477,0,0,287,1153,NA,NA,NA,5565,2743,"Wed"
6290855005,"2016-04-28",5731,4.32999992370605,4.32999992370605,0,0,0,4.32999992370605,0,0,0,255,1185,NA,NA,NA,5731,2687,"Thu"
6290855005,"2016-04-29",0,0,0,0,0,0,0,0,0,0,0,1440,NA,NA,NA,0,2060,"Fri"
6290855005,"2016-04-30",6744,5.09999990463257,5.09999990463257,0,0,0,5.09000015258789,0.00999999977648258,0,0,324,1116,NA,NA,NA,6744,2843,"Sat"
6290855005,"2016-05-01",9837,7.44000005722046,7.44000005722046,0,0.660000026226044,2.75,4,0.0199999995529652,8,95,282,1055,NA,NA,NA,9837,3327,"Sun"
6290855005,"2016-05-02",6781,5.13000011444092,5.13000011444092,0,0,0,5.1100001335144,0.0199999995529652,0,0,268,1172,NA,NA,NA,6781,2725,"Mon"
6290855005,"2016-05-03",6047,4.57000017166138,4.57000017166138,0,0,0,4.57000017166138,0,0,0,240,1200,NA,NA,NA,6047,2671,"Tue"
6290855005,"2016-05-04",5832,4.40999984741211,4.40999984741211,0,0,0,4.40000009536743,0.00999999977648258,0,0,272,1168,NA,NA,NA,5832,2718,"Wed"
6290855005,"2016-05-05",6339,4.78999996185303,4.78999996185303,0,0,0,4.78999996185303,0,0,0,239,1201,NA,NA,NA,6339,2682,"Thu"
6290855005,"2016-05-06",6116,4.61999988555908,4.61999988555908,0,0,0,4.59000015258789,0.0299999993294477,0,0,305,1135,NA,NA,NA,6116,2806,"Fri"
6290855005,"2016-05-07",5510,4.17000007629395,4.17000007629395,0,0,0,4.15999984741211,0,0,0,227,1213,NA,NA,NA,5510,2613,"Sat"
6290855005,"2016-05-08",7706,5.82999992370605,5.82999992370605,0,0,0,5.82000017166138,0,0,0,251,1189,NA,NA,NA,7706,2712,"Sun"
6290855005,"2016-05-09",6277,4.75,4.75,0,0,0,4.73000001907349,0.0199999995529652,0,0,264,800,NA,NA,NA,6277,2175,"Mon"
6290855005,"2016-05-10",0,0,0,0,0,0,0,0,0,0,0,1440,NA,NA,NA,0,0,"Tue"
6775888955,"2016-04-12",0,0,0,0,0,0,0,0,0,0,0,1440,NA,NA,NA,0,1841,"Tue"
6775888955,"2016-04-13",4053,2.91000008583069,2.91000008583069,0,1.11000001430511,0.579999983310699,1.22000002861023,0,17,18,85,1053,1,235,260,4053,2400,"Wed"
6775888955,"2016-04-14",5162,3.70000004768372,3.70000004768372,0,0.870000004768372,0.860000014305115,1.97000002861023,0,14,24,105,863,1,423,441,5162,2507,"Thu"
6775888955,"2016-04-15",1282,0.920000016689301,0.920000016689301,0,0,0,0.920000016689301,0,0,0,58,976,1,391,406,1282,2127,"Fri"
6775888955,"2016-04-16",4732,3.39000010490417,3.39000010490417,0,2.51999998092651,0.810000002384186,0.0599999986588955,0,36,18,9,1377,NA,NA,NA,4732,2225,"Sat"
6775888955,"2016-04-17",2497,1.78999996185303,1.78999996185303,0,0.349999994039536,1.12999999523163,0.310000002384186,0,5,24,19,1392,NA,NA,NA,2497,2067,"Sun"
6775888955,"2016-04-18",8294,5.94999980926514,5.94999980926514,0,2,0.769999980926514,3.17000007629395,0,30,31,146,1233,NA,NA,NA,8294,2798,"Mon"
6775888955,"2016-04-19",0,0,0,0,0,0,0,0,0,0,0,1440,NA,NA,NA,0,1841,"Tue"
6775888955,"2016-04-20",10771,7.71999979019165,7.71999979019165,0,3.76999998092651,1.74000000953674,2.22000002861023,0,70,113,178,1079,NA,NA,NA,10771,3727,"Wed"
6775888955,"2016-04-21",0,0,0,0,0,0,0,0,0,0,0,1440,NA,NA,NA,0,1841,"Thu"
6775888955,"2016-04-22",637,0.46000000834465,0.46000000834465,0,0,0,0.46000000834465,0,0,0,20,1420,NA,NA,NA,637,1922,"Fri"
6775888955,"2016-04-23",0,0,0,0,0,0,0,0,0,0,0,1440,NA,NA,NA,0,1841,"Sat"
6775888955,"2016-04-24",2153,1.53999996185303,1.53999996185303,0,0.769999980926514,0.620000004768372,0.150000005960464,0,11,18,11,1400,NA,NA,NA,2153,2053,"Sun"
6775888955,"2016-04-25",6474,4.6399998664856,4.6399998664856,0,2.26999998092651,0.46000000834465,1.89999997615814,0,33,13,92,1302,NA,NA,NA,6474,2484,"Mon"
6775888955,"2016-04-26",7091,5.26999998092651,5.26999998092651,1.95959603786469,3.48000001907349,0.870000004768372,0.730000019073486,0,42,30,47,1321,NA,NA,NA,7091,2584,"Tue"
6775888955,"2016-04-27",0,0,0,0,0,0,0,0,0,0,0,1440,NA,NA,NA,0,1841,"Wed"
6775888955,"2016-04-28",703,0.5,0.5,0,0.0599999986588955,0.200000002980232,0.239999994635582,0,2,13,15,1410,NA,NA,NA,703,1993,"Thu"
6775888955,"2016-04-29",0,0,0,0,0,0,0,0,0,0,0,1440,NA,NA,NA,0,1841,"Fri"
6775888955,"2016-04-30",2503,1.78999996185303,1.78999996185303,0,0.159999996423721,0.159999996423721,1.48000001907349,0,3,9,84,1344,NA,NA,NA,2503,2280,"Sat"
6775888955,"2016-05-01",2487,1.77999997138977,1.77999997138977,0,0.479999989271164,0.620000004768372,0.680000007152557,0,9,34,50,1347,NA,NA,NA,2487,2319,"Sun"
6775888955,"2016-05-02",0,0,0,0,0,0,0,0,0,0,0,1440,NA,NA,NA,0,1841,"Mon"
6775888955,"2016-05-03",9,0.00999999977648258,0.00999999977648258,0,0,0,0.00999999977648258,0,0,0,1,1439,NA,NA,NA,9,1843,"Tue"
6775888955,"2016-05-04",0,0,0,0,0,0,0,0,0,0,0,1440,NA,NA,NA,0,1841,"Wed"
6775888955,"2016-05-05",0,0,0,0,0,0,0,0,0,0,0,1440,NA,NA,NA,0,1841,"Thu"
6775888955,"2016-05-06",4697,3.36999988555908,3.36999988555908,0,0.469999998807907,0.930000007152557,1.92999994754791,0,12,35,75,1318,NA,NA,NA,4697,2496,"Fri"
6775888955,"2016-05-07",1967,1.4099999666214,1.4099999666214,0,0.129999995231628,0.239999994635582,1.04999995231628,0,2,5,49,551,NA,NA,NA,1967,1032,"Sat"
6962181067,"2016-04-12",10199,6.73999977111816,6.73999977111816,0,3.40000009536743,0.829999983310699,2.50999999046326,0,50,14,189,796,1,366,387,10199,1994,"Tue"
6962181067,"2016-04-13",5652,3.74000000953674,3.74000000953674,0,0.569999992847443,1.21000003814697,1.96000003814697,0,8,24,142,548,3,630,679,5652,1718,"Wed"
6962181067,"2016-04-14",1551,1.02999997138977,1.02999997138977,0,0,0,1.02999997138977,0,0,0,86,862,2,508,535,1551,1466,"Thu"
6962181067,"2016-04-15",5563,3.6800000667572,3.6800000667572,0,0,0,3.6800000667572,0,0,0,217,837,1,370,386,5563,1756,"Fri"
6962181067,"2016-04-16",13217,8.73999977111816,8.73999977111816,0,3.66000008583069,0.189999997615814,4.88000011444092,0,50,3,280,741,1,357,366,13217,2173,"Sat"
6962181067,"2016-04-17",10145,6.71000003814697,6.71000003814697,0,0.330000013113022,0.680000007152557,5.69000005722046,0,5,13,295,634,1,427,446,10145,2027,"Sun"
6962181067,"2016-04-18",11404,7.53999996185303,7.53999996185303,0,0.829999983310699,2.39000010490417,4.32000017166138,0,13,42,238,689,1,442,458,11404,2039,"Mon"
6962181067,"2016-04-19",10742,7.09999990463257,7.09999990463257,0,2.09999990463257,2.13000011444092,2.86999988555908,0,35,41,195,659,1,476,535,10742,2046,"Tue"
6962181067,"2016-04-20",13928,9.55000019073486,9.55000019073486,0,4.28000020980835,0.189999997615814,5.09000015258789,0,48,4,297,639,1,418,424,13928,2174,"Wed"
6962181067,"2016-04-21",11835,9.71000003814697,7.88000011444092,4.08169221878052,3.99000000953674,2.09999990463257,3.50999999046326,0.109999999403954,53,27,214,708,1,451,457,11835,2179,"Thu"
6962181067,"2016-04-22",10725,7.09000015258789,7.09000015258789,0,1.76999998092651,1.54999995231628,3.76999998092651,0,30,33,240,659,1,425,435,10725,2086,"Fri"
6962181067,"2016-04-23",20031,13.2399997711182,13.2399997711182,0,4.19999980926514,2,7.03999996185303,0,58,41,347,484,1,528,546,20031,2571,"Sat"
6962181067,"2016-04-24",5029,3.3199999332428,3.3199999332428,0,0,0,3.3199999332428,0,0,0,199,720,1,511,514,5029,1705,"Sun"
6962181067,"2016-04-25",13239,9.27000045776367,9.07999992370605,2.78517508506775,3.01999998092651,1.67999994754791,4.46000003814697,0.100000001490116,35,31,282,637,1,400,415,13239,2194,"Mon"
6962181067,"2016-04-26",10433,6.90000009536743,6.90000009536743,0,2.57999992370605,0.419999986886978,3.90000009536743,0,36,7,254,680,1,441,446,10433,2012,"Tue"
6962181067,"2016-04-27",10320,6.82000017166138,6.82000017166138,0,0.550000011920929,2.01999998092651,4.25,0,7,38,279,697,1,455,467,10320,2034,"Wed"
6962181067,"2016-04-28",12627,8.35000038146973,8.35000038146973,0,2.50999999046326,0.239999994635582,5.59000015258789,0,38,8,288,621,1,440,453,12627,2182,"Thu"
6962181067,"2016-04-29",10762,7.1100001335144,7.1100001335144,0,0.819999992847443,0.479999989271164,5.80999994277954,0,12,15,369,645,1,433,447,10762,2254,"Fri"
6962181067,"2016-04-30",10081,6.65999984741211,6.65999984741211,0,2.24000000953674,0.759999990463257,3.67000007629395,0,32,16,237,731,1,422,424,10081,2002,"Sat"
6962181067,"2016-05-01",5454,3.60999989509583,3.60999989509583,0,0,0,3.60999989509583,0,0,0,215,722,1,411,426,5454,1740,"Sun"
6962181067,"2016-05-02",12912,8.53999996185303,8.53999996185303,0,1.20000004768372,2,5.34000015258789,0,18,39,313,655,1,466,482,12912,2162,"Mon"
6962181067,"2016-05-03",12109,8.11999988555908,8.11999988555908,0,1.74000000953674,2.03999996185303,4.32999992370605,0,21,36,267,654,1,394,418,12109,2072,"Tue"
6962181067,"2016-05-04",10147,6.71000003814697,6.71000003814697,0,0.469999998807907,1.67999994754791,4.55000019073486,0,15,36,284,683,1,442,455,10147,2086,"Wed"
6962181067,"2016-05-05",10524,6.96000003814697,6.96000003814697,0,0.990000009536743,1.1599999666214,4.80999994277954,0,14,22,305,591,1,467,491,10524,2066,"Thu"
6962181067,"2016-05-06",5908,3.91000008583069,3.91000008583069,0,0,0,3.91000008583069,0,0,0,299,717,1,443,462,5908,1850,"Fri"
6962181067,"2016-05-07",6815,4.5,4.5,0,0,0,4.5,0,0,0,328,745,1,298,334,6815,1947,"Sat"
6962181067,"2016-05-08",4188,2.76999998092651,2.76999998092651,0,0,0.519999980926514,2.25,0,0,14,151,709,1,541,569,4188,1659,"Sun"
6962181067,"2016-05-09",12342,8.72000026702881,8.68000030517578,3.16782188415527,3.90000009536743,1.17999994754791,3.65000009536743,0,43,21,231,607,1,489,497,12342,2105,"Mon"
6962181067,"2016-05-10",15448,10.210000038147,10.210000038147,0,3.47000002861023,1.75,4.98999977111816,0,62,34,275,626,1,469,481,15448,2361,"Tue"
6962181067,"2016-05-11",6722,4.44000005722046,4.44000005722046,0,1.49000000953674,0.310000002384186,2.65000009536743,0,24,7,199,709,1,452,480,6722,1855,"Wed"
6962181067,"2016-05-12",3587,2.36999988555908,2.36999988555908,0,0,0.25,2.10999989509583,0,0,8,105,127,1,516,535,3587,928,"Thu"
7007744171,"2016-04-12",14172,10.289999961853,9.47999954223633,4.8697829246521,4.5,0.379999995231628,5.40999984741211,0,53,8,355,1024,NA,NA,NA,14172,2937,"Tue"
7007744171,"2016-04-13",12862,9.64999961853027,8.60000038146973,4.8513069152832,4.6100001335144,0.560000002384186,4.48000001907349,0,56,22,261,1101,NA,NA,NA,12862,2742,"Wed"
7007744171,"2016-04-14",11179,8.23999977111816,7.48000001907349,3.28541493415833,2.95000004768372,0.340000003576279,4.96000003814697,0,34,6,304,1096,NA,NA,NA,11179,2668,"Thu"
7007744171,"2016-04-15",5273,3.52999997138977,3.52999997138977,0,0,0,3.52999997138977,0,0,0,202,1238,NA,NA,NA,5273,2098,"Fri"
7007744171,"2016-04-16",4631,3.09999990463257,3.09999990463257,0,0,0,3.09999990463257,0,0,0,203,1155,1,79,82,4631,2076,"Sat"
7007744171,"2016-04-17",8059,5.3899998664856,5.3899998664856,0,0,0,5.3899998664856,0,0,0,305,1135,NA,NA,NA,8059,2383,"Sun"
7007744171,"2016-04-18",14816,10.9799995422363,9.90999984741211,4.93055009841919,3.78999996185303,2.11999988555908,5.05000019073486,0.0199999995529652,48,31,284,1077,NA,NA,NA,14816,2832,"Mon"
7007744171,"2016-04-19",14194,10.4799995422363,9.5,4.94214200973511,4.40999984741211,0.759999990463257,5.30999994277954,0,53,17,304,1066,NA,NA,NA,14194,2812,"Tue"
7007744171,"2016-04-20",15566,11.3100004196167,10.4099998474121,4.92484092712402,4.78999996185303,0.670000016689301,5.8600001335144,0,60,33,347,1000,NA,NA,NA,15566,3096,"Wed"
7007744171,"2016-04-21",13744,9.1899995803833,9.1899995803833,0,2.15000009536743,1.87000000476837,5.17000007629395,0,30,34,327,1049,NA,NA,NA,13744,2763,"Thu"
7007744171,"2016-04-22",15299,10.2399997711182,10.2399997711182,0,4.09999990463257,1.75999999046326,4.36999988555908,0,64,50,261,1065,NA,NA,NA,15299,2889,"Fri"
7007744171,"2016-04-23",8093,5.40999984741211,5.40999984741211,0,0.129999995231628,1.12999999523163,4.15000009536743,0,2,25,223,1190,NA,NA,NA,8093,2284,"Sat"
7007744171,"2016-04-24",11085,7.42000007629395,7.42000007629395,0,0,0,7.42000007629395,0,0,0,419,1021,NA,NA,NA,11085,2667,"Sun"
7007744171,"2016-04-25",18229,13.3400001525879,12.1999998092651,4.86179208755493,4.30999994277954,1.37000000476837,7.67000007629395,0,51,24,379,986,NA,NA,NA,18229,3055,"Mon"
7007744171,"2016-04-26",15090,10.1000003814697,10.1000003814697,0,0.930000007152557,0.939999997615814,8.22999954223633,0,16,22,424,978,NA,NA,NA,15090,2939,"Tue"
7007744171,"2016-04-27",13541,10.2200002670288,9.0600004196167,4.88560485839844,4.26999998092651,0.660000026226044,5.28999996185303,0,50,12,337,1041,NA,NA,NA,13541,2830,"Wed"
7007744171,"2016-04-28",15128,10.1199998855591,10.1199998855591,0,1.0900000333786,0.769999980926514,8.26000022888184,0,16,16,401,1007,NA,NA,NA,15128,2836,"Thu"
7007744171,"2016-04-29",20067,14.3000001907349,13.4200000762939,4.91114616394043,4.30999994277954,2.04999995231628,7.94999980926514,0,55,42,382,961,NA,NA,NA,20067,3180,"Fri"
7007744171,"2016-04-30",3761,2.51999998092651,2.51999998092651,0,0,0,2.51999998092651,0,0,0,200,1240,NA,NA,NA,3761,2051,"Sat"
7007744171,"2016-05-01",5600,3.75,3.75,0,0,0,3.75,0,0,0,237,1142,1,58,61,5600,2225,"Sun"
7007744171,"2016-05-02",13041,9.18000030517578,8.72000026702881,2.83232593536377,4.6399998664856,0.699999988079071,3.82999992370605,0,64,14,250,1112,NA,NA,NA,13041,2642,"Mon"
7007744171,"2016-05-03",14510,10.8699998855591,9.71000003814697,4.91236782073975,4.48000001907349,1.01999998092651,5.3600001335144,0,58,31,330,1021,NA,NA,NA,14510,2976,"Tue"
7007744171,"2016-05-04",0,0,0,0,0,0,0,0,0,0,0,1440,NA,NA,NA,0,1557,"Wed"
7007744171,"2016-05-05",15010,11.1000003814697,10.039999961853,4.8782320022583,4.32999992370605,1.28999996185303,5.48000001907349,0,53,23,317,1047,NA,NA,NA,15010,2933,"Thu"
7007744171,"2016-05-06",11459,7.67000007629395,7.67000007629395,0,3,0.810000002384186,3.85999989509583,0,44,13,247,1136,NA,NA,NA,11459,2553,"Fri"
7007744171,"2016-05-07",0,0,0,0,0,0,0,0,0,0,0,111,NA,NA,NA,0,120,"Sat"
7086361926,"2016-04-12",11317,8.40999984741211,8.40999984741211,0,5.26999998092651,0.150000005960464,2.97000002861023,0,59,6,153,745,1,514,525,11317,2772,"Tue"
7086361926,"2016-04-13",5813,3.61999988555908,3.61999988555908,0,0.560000002384186,0.209999993443489,2.83999991416931,0,31,26,155,744,1,451,465,5813,2516,"Wed"
7086361926,"2016-04-14",9123,6.11999988555908,6.11999988555908,0,2.02999997138977,0.330000013113022,3.66000008583069,0,35,32,189,787,1,472,476,9123,2734,"Thu"
7086361926,"2016-04-15",8585,5.67000007629395,5.67000007629395,0,2.03999996185303,1.11000001430511,2.52999997138977,0,30,21,139,864,1,377,386,8585,2395,"Fri"
7086361926,"2016-04-16",31,0.00999999977648258,0.00999999977648258,0,0,0,0.00999999977648258,0,0,0,3,1437,NA,NA,NA,31,1635,"Sat"
7086361926,"2016-04-17",0,0,0,0,0,0,0,0,0,0,0,1440,NA,NA,NA,0,1629,"Sun"
7086361926,"2016-04-18",9827,6.71000003814697,6.71000003814697,0,3.17000007629395,1.22000002861023,2.30999994277954,0,61,51,114,1136,NA,NA,NA,9827,2743,"Mon"
7086361926,"2016-04-19",10688,7.28999996185303,7.28999996185303,0,3.52999997138977,1.23000001907349,2.50999999046326,0,67,69,124,671,1,472,483,10688,2944,"Tue"
7086361926,"2016-04-20",14365,10.6400003433228,10.6400003433228,0,7.6399998664856,0.449999988079071,2.53999996185303,0,87,13,145,797,1,492,502,14365,2997,"Wed"
7086361926,"2016-04-21",9469,6.17999982833862,6.17999982833862,0,1.36000001430511,0.300000011920929,4.51000022888184,0,19,6,206,758,1,390,411,9469,2463,"Thu"
7086361926,"2016-04-22",9753,6.53000020980835,6.53000020980835,0,2.86999988555908,0.970000028610229,2.67000007629395,0,58,59,153,762,1,428,448,9753,2846,"Fri"
7086361926,"2016-04-23",2817,1.80999994277954,1.80999994277954,0,0,0,1.79999995231628,0,0,0,90,1350,NA,NA,NA,2817,1965,"Sat"
7086361926,"2016-04-24",3520,2.16000008583069,2.16000008583069,0,0,0,2.15000009536743,0,0,0,125,566,1,681,704,3520,2049,"Sun"
7086361926,"2016-04-25",10091,6.82000017166138,6.82000017166138,0,3.75,0.699999988079071,2.36999988555908,0,69,39,129,706,1,446,447,10091,2752,"Mon"
7086361926,"2016-04-26",10387,7.07000017166138,7.07000017166138,0,4.15999984741211,0.769999980926514,2.11999988555908,0,70,33,132,726,1,485,500,10387,2781,"Tue"
7086361926,"2016-04-27",11107,8.34000015258789,8.34000015258789,0,5.63000011444092,0.180000007152557,2.52999997138977,0,55,6,145,829,1,469,479,11107,2693,"Wed"
7086361926,"2016-04-28",11584,7.80000019073486,7.80000019073486,0,2.78999996185303,1.63999998569489,3.35999989509583,0,54,48,161,810,1,354,367,11584,2862,"Thu"
7086361926,"2016-04-29",7881,4.94999980926514,4.94999980926514,0,0.490000009536743,0.449999988079071,4,0,24,36,182,1198,NA,NA,NA,7881,2616,"Fri"
7086361926,"2016-04-30",14560,9.40999984741211,9.40999984741211,0,3.11999988555908,1.03999996185303,5.23999977111816,0,42,17,308,584,1,485,489,14560,2995,"Sat"
7086361926,"2016-05-01",12390,8.06999969482422,8.06999969482422,0,2.29999995231628,0.899999976158142,4.84999990463257,0,30,15,258,685,1,388,407,12390,2730,"Sun"
7086361926,"2016-05-02",10052,6.80999994277954,6.80999994277954,0,3.48000001907349,0.660000026226044,2.66000008583069,0,66,26,139,737,1,440,459,10052,2754,"Mon"
7086361926,"2016-05-03",10288,6.76000022888184,6.76000022888184,0,2.74000000953674,0.850000023841858,3.16000008583069,0,57,36,152,761,1,456,461,10288,2754,"Tue"
7086361926,"2016-05-04",10988,8.3100004196167,8.3100004196167,0,5.28000020980835,0.119999997317791,2.90000009536743,0,45,12,135,843,1,420,436,10988,2655,"Wed"
7086361926,"2016-05-05",8564,5.59999990463257,5.59999990463257,0,1.77999997138977,0.829999983310699,2.95000004768372,0,24,14,149,1253,NA,NA,NA,8564,2386,"Thu"
7086361926,"2016-05-06",12461,8.38000011444092,8.38000011444092,0,3.8199999332428,1.42999994754791,3.11999988555908,0,84,35,154,834,1,322,333,12461,2924,"Fri"
7086361926,"2016-05-07",12827,8.47999954223633,8.47999954223633,0,1.46000003814697,2.32999992370605,4.67999982833862,0,20,42,209,621,1,530,548,12827,2739,"Sat"
7086361926,"2016-05-08",10677,7.09999990463257,7.09999990463257,0,2.30999994277954,1.52999997138977,3.25,0,32,27,147,695,1,481,510,10677,2534,"Sun"
7086361926,"2016-05-09",13566,9.10999965667725,9.10999965667725,0,4.26000022888184,1.71000003814697,3.11999988555908,0,67,50,171,743,1,427,438,13566,2960,"Mon"
7086361926,"2016-05-10",14433,10.789999961853,10.789999961853,0,7.1100001335144,1.20000004768372,2.45000004768372,0,72,23,106,1182,NA,NA,NA,14433,2800,"Tue"
7086361926,"2016-05-11",9572,6.51999998092651,6.51999998092651,0,2.89000010490417,1.38999998569489,2.23000001907349,0,57,40,128,757,1,451,463,9572,2735,"Wed"
7086361926,"2016-05-12",3789,2.55999994277954,2.55999994277954,0,0.379999995231628,0.270000010728836,1.88999998569489,0,5,4,58,343,1,444,457,3789,1199,"Thu"
8053475328,"2016-04-12",18060,14.1199998855591,14.1199998855591,0,11.6400003433228,0.389999985694885,2.09999990463257,0,116,8,123,1193,NA,NA,NA,18060,3186,"Tue"
8053475328,"2016-04-13",16433,13.3500003814697,13.3500003814697,0,10.4300003051758,0.469999998807907,2.45000004768372,0,95,12,156,1177,NA,NA,NA,16433,3140,"Wed"
8053475328,"2016-04-14",20159,15.9700002670288,15.9700002670288,0,12.3400001525879,0.209999993443489,3.35999989509583,0,119,5,193,1123,NA,NA,NA,20159,3411,"Thu"
8053475328,"2016-04-15",20669,16.2399997711182,16.2399997711182,0,13.2600002288818,0.389999985694885,2.58999991416931,0,132,8,158,1142,NA,NA,NA,20669,3410,"Fri"
8053475328,"2016-04-16",14549,11.1099996566772,11.1099996566772,0,9.35999965667725,0.270000010728836,1.49000000953674,0,96,6,83,1255,NA,NA,NA,14549,2867,"Sat"
8053475328,"2016-04-17",18827,13.6899995803833,13.6899995803833,0,9.23999977111816,0.800000011920929,3.64000010490417,0,111,21,195,1113,NA,NA,NA,18827,3213,"Sun"
8053475328,"2016-04-18",17076,12.6599998474121,12.6599998474121,0,9.07999992370605,0.230000004172325,3.34999990463257,0,102,6,195,1137,NA,NA,NA,17076,3133,"Mon"
8053475328,"2016-04-19",15929,12.4799995422363,12.4799995422363,0,9.22000026702881,0.310000002384186,2.95000004768372,0,90,7,191,1152,NA,NA,NA,15929,3114,"Tue"
8053475328,"2016-04-20",15108,12.1899995803833,12.1899995803833,0,9.57999992370605,0.230000004172325,2.38000011444092,0,89,5,158,695,1,486,493,15108,3043,"Wed"
8053475328,"2016-04-21",16057,12.5100002288818,12.5100002288818,0,9.67000007629395,0.25,2.57999992370605,0,100,6,170,1164,NA,NA,NA,16057,3103,"Thu"
8053475328,"2016-04-22",10520,8.28999996185303,8.28999996185303,0,6.26000022888184,0.150000005960464,1.87999999523163,0,60,3,117,1260,NA,NA,NA,10520,2655,"Fri"
8053475328,"2016-04-23",22359,17.1900005340576,17.1900005340576,0,12.539999961853,0.629999995231628,4.01999998092651,0,125,14,223,741,1,331,337,22359,3554,"Sat"
8053475328,"2016-04-24",22988,17.9500007629395,17.9500007629395,0,13.1300001144409,1.54999995231628,3.25999999046326,0,129,33,182,1096,NA,NA,NA,22988,3577,"Sun"
8053475328,"2016-04-25",20500,15.6899995803833,15.6899995803833,0,11.3699998855591,0.46000000834465,3.85999989509583,0,118,9,209,1104,NA,NA,NA,20500,3403,"Mon"
8053475328,"2016-04-26",12685,9.61999988555908,9.61999988555908,0,6.30999994277954,0.200000002980232,3.09999990463257,0,68,5,185,1182,NA,NA,NA,12685,2846,"Tue"
8053475328,"2016-04-27",12422,9.81999969482422,9.81999969482422,0,6.46000003814697,0.430000007152557,2.9300000667572,0,60,10,183,1187,NA,NA,NA,12422,2852,"Wed"
8053475328,"2016-04-28",15447,12.3999996185303,12.3999996185303,0,9.67000007629395,0.389999985694885,2.34999990463257,0,90,9,153,1188,NA,NA,NA,15447,3062,"Thu"
8053475328,"2016-04-29",12315,9.64999961853027,9.64999961853027,0,6.17000007629395,0.310000002384186,3.17000007629395,0,58,8,159,1215,NA,NA,NA,12315,2794,"Fri"
8053475328,"2016-04-30",7135,5.59000015258789,5.59000015258789,0,2.99000000953674,0.0599999986588955,2.53999996185303,0,27,1,131,1281,NA,NA,NA,7135,2408,"Sat"
8053475328,"2016-05-01",1170,0.850000023841858,0.850000023841858,0,0,0,0.850000023841858,0,0,0,51,1389,NA,NA,NA,1170,1886,"Sun"
8053475328,"2016-05-02",1969,1.42999994754791,1.42999994754791,0,0,0,1.42999994754791,0,0,0,95,1345,NA,NA,NA,1969,1988,"Mon"
8053475328,"2016-05-03",15484,11.8999996185303,11.8999996185303,0,8.39000034332275,0.930000007152557,2.58999991416931,0,87,22,165,1166,NA,NA,NA,15484,3023,"Tue"
8053475328,"2016-05-04",14581,11.1499996185303,11.1499996185303,0,8.81999969482422,0.400000005960464,1.9099999666214,0,89,8,123,1220,NA,NA,NA,14581,2918,"Wed"
8053475328,"2016-05-05",14990,11.5100002288818,11.5100002288818,0,8.85000038146973,0.449999988079071,2.21000003814697,0,93,9,130,1208,NA,NA,NA,14990,2950,"Thu"
8053475328,"2016-05-06",13953,11,11,0,9.10000038146973,0.689999997615814,1.21000003814697,0,90,15,90,1245,NA,NA,NA,13953,2859,"Fri"
8053475328,"2016-05-07",19769,15.6700000762939,15.6700000762939,0,12.4399995803833,0.879999995231628,2.34999990463257,0,121,20,148,1076,1,74,75,19769,3331,"Sat"
8053475328,"2016-05-08",22026,17.6499996185303,17.6499996185303,0,13.3999996185303,0.589999973773956,3.66000008583069,0,125,14,228,1073,NA,NA,NA,22026,3589,"Sun"
8053475328,"2016-05-09",12465,9.38000011444092,9.38000011444092,0,6.11999988555908,0.569999992847443,2.69000005722046,0,66,12,148,1214,NA,NA,NA,12465,2765,"Mon"
8053475328,"2016-05-10",14810,11.3599996566772,11.3599996566772,0,9.09000015258789,0.419999986886978,1.85000002384186,0,96,10,115,1219,NA,NA,NA,14810,2926,"Tue"
8053475328,"2016-05-11",12209,9.39999961853027,9.39999961853027,0,6.07999992370605,0.280000001192093,3.03999996185303,0,60,7,184,1189,NA,NA,NA,12209,2809,"Wed"
8053475328,"2016-05-12",4998,3.91000008583069,3.91000008583069,0,2.95000004768372,0.200000002980232,0.759999990463257,0,28,4,39,839,NA,NA,NA,4998,1505,"Thu"
8253242879,"2016-04-12",9033,7.15999984741211,7.15999984741211,0,5.42999982833862,0.140000000596046,1.5900000333786,0,40,2,154,1244,NA,NA,NA,9033,2044,"Tue"
8253242879,"2016-04-13",8053,6.09999990463257,6.09999990463257,0,4.17000007629395,0.629999995231628,1.30999994277954,0,35,11,96,1298,NA,NA,NA,8053,1935,"Wed"
8253242879,"2016-04-14",5234,3.46000003814697,3.46000003814697,0,1.92999994754791,0.990000009536743,0.540000021457672,0,29,16,33,1362,NA,NA,NA,5234,1705,"Thu"
8253242879,"2016-04-15",2672,1.76999998092651,1.76999998092651,0,0,0,1.75999999046326,0,0,0,105,1335,NA,NA,NA,2672,1632,"Fri"
8253242879,"2016-04-16",9256,6.1399998664856,6.1399998664856,0,0.430000007152557,3.26999998092651,2.45000004768372,0,6,51,115,1268,NA,NA,NA,9256,1880,"Sat"
8253242879,"2016-04-17",10204,7.90999984741211,7.90999984741211,0,5.42999982833862,0.150000005960464,2.32999992370605,0,41,5,157,1237,NA,NA,NA,10204,2112,"Sun"
8253242879,"2016-04-18",5151,3.48000001907349,3.48000001907349,0,1.03999996185303,0.629999995231628,1.79999995231628,0,16,16,130,1278,NA,NA,NA,5151,1829,"Mon"
8253242879,"2016-04-19",4212,2.77999997138977,2.77999997138977,0,0,0,2.77999997138977,0,0,0,164,1276,NA,NA,NA,4212,1763,"Tue"
8253242879,"2016-04-20",6466,4.26999998092651,4.26999998092651,0,0.330000013113022,0.819999992847443,3.10999989509583,0.00999999977648258,5,18,216,1201,NA,NA,NA,6466,1931,"Wed"
8253242879,"2016-04-21",11268,8.5600004196167,8.5600004196167,0,5.88000011444092,0.930000007152557,1.75,0,49,20,172,1199,NA,NA,NA,11268,2218,"Thu"
8253242879,"2016-04-22",2824,1.87000000476837,1.87000000476837,0,0,0,1.87000000476837,0,0,0,120,1320,NA,NA,NA,2824,1651,"Fri"
8253242879,"2016-04-23",9282,6.26000022888184,6.26000022888184,0,2.08999991416931,1.03999996185303,3.13000011444092,0,30,26,191,1193,NA,NA,NA,9282,2132,"Sat"
8253242879,"2016-04-24",8905,7.13000011444092,7.13000011444092,0,5.59999990463257,0.189999997615814,1.3400000333786,0,41,4,82,1313,NA,NA,NA,8905,1976,"Sun"
8253242879,"2016-04-25",6829,4.51000022888184,4.51000022888184,0,0.360000014305115,2.39000010490417,1.76999998092651,0,7,54,118,1261,NA,NA,NA,6829,1909,"Mon"
8253242879,"2016-04-26",4562,3.03999996185303,3.03999996185303,0,1.17999994754791,0.490000009536743,1.37000000476837,0,19,14,108,1299,NA,NA,NA,4562,1813,"Tue"
8253242879,"2016-04-27",10232,8.18000030517578,8.18000030517578,0,6.23999977111816,0.230000004172325,1.70000004768372,0,45,5,104,1286,NA,NA,NA,10232,2008,"Wed"
8253242879,"2016-04-28",2718,1.79999995231628,1.79999995231628,0,0.670000016689301,0.779999971389771,0.340000003576279,0,11,16,20,1393,NA,NA,NA,2718,1580,"Thu"
8253242879,"2016-04-29",6260,4.26000022888184,4.26000022888184,0,1.28999996185303,0.540000021457672,2.40000009536743,0,16,14,136,1257,NA,NA,NA,6260,1854,"Fri"
8253242879,"2016-04-30",0,0,0,0,0,0,0,0,0,0,0,1440,NA,NA,NA,0,0,"Sat"
8378563200,"2016-04-12",7626,6.05000019073486,6.05000019073486,2.25308108329773,0.829999983310699,0.709999978542328,4.5,0,65,15,156,723,1,338,356,7626,3635,"Tue"
8378563200,"2016-04-13",12386,9.81999969482422,9.81999969482422,2.0921471118927,4.96000003814697,0.649999976158142,4.21000003814697,0,116,14,169,680,2,447,487,12386,4079,"Wed"
8378563200,"2016-04-14",13318,10.5600004196167,10.5600004196167,2.25308108329773,5.61999988555908,1.02999997138977,3.91000008583069,0,123,21,174,699,1,424,455,13318,4163,"Thu"
8378563200,"2016-04-15",14461,11.4700002670288,11.4700002670288,0,4.90999984741211,1.14999997615814,5.40999984741211,0,60,23,190,729,1,513,533,14461,3666,"Fri"
8378563200,"2016-04-16",11207,8.89000034332275,8.89000034332275,0,5.36999988555908,1.07000005245209,2.44000005722046,0,64,21,142,563,2,611,689,11207,3363,"Sat"
8378563200,"2016-04-17",2132,1.69000005722046,1.69000005722046,0,0,0,1.69000005722046,0,0,0,93,599,2,525,591,2132,2572,"Sun"
8378563200,"2016-04-18",13630,10.8100004196167,10.8100004196167,2.0921471118927,5.05000019073486,0.560000002384186,5.19999980926514,0,117,10,174,720,1,398,451,13630,4157,"Mon"
8378563200,"2016-04-19",13070,10.3599996566772,10.3599996566772,2.25308108329773,5.30000019073486,0.879999995231628,4.17999982833862,0,120,19,154,737,1,387,421,13070,4092,"Tue"
8378563200,"2016-04-20",9388,7.44000005722046,7.44000005722046,2.0921471118927,2.23000001907349,0.439999997615814,4.78000020980835,0,82,8,169,763,1,381,409,9388,3787,"Wed"
8378563200,"2016-04-21",15148,12.0100002288818,12.0100002288818,2.25308108329773,6.90000009536743,0.819999992847443,4.28999996185303,0,137,16,145,677,1,396,417,15148,4236,"Thu"
8378563200,"2016-04-22",12200,9.67000007629395,9.67000007629395,2.0921471118927,4.90999984741211,0.589999973773956,4.17999982833862,0,113,12,159,769,1,441,469,12200,4044,"Fri"
8378563200,"2016-04-23",5709,4.53000020980835,4.53000020980835,0,1.51999998092651,0.519999980926514,2.48000001907349,0,19,10,136,740,1,565,591,5709,2908,"Sat"
8378563200,"2016-04-24",3703,2.94000005722046,2.94000005722046,0,0,0,2.94000005722046,0,0,0,135,734,1,458,492,3703,2741,"Sun"
8378563200,"2016-04-25",12405,9.84000015258789,9.84000015258789,2.0921471118927,5.05000019073486,0.870000004768372,3.92000007629395,0,117,16,141,692,1,388,402,12405,4005,"Mon"
8378563200,"2016-04-26",16208,12.8500003814697,12.8500003814697,0,7.51000022888184,0.920000016689301,4.42000007629395,0,90,18,161,593,1,550,584,16208,3763,"Tue"
8378563200,"2016-04-27",7359,5.84000015258789,5.84000015258789,0,0.330000013113022,0.180000007152557,5.32999992370605,0,4,4,192,676,1,531,600,7359,3061,"Wed"
8378563200,"2016-04-28",5417,4.30000019073486,4.30000019073486,0,0.899999976158142,0.490000009536743,2.91000008583069,0,11,10,139,711,1,506,556,5417,2884,"Thu"
8378563200,"2016-04-29",6175,4.90000009536743,4.90000009536743,0,0.25,0.360000014305115,4.26999998092651,0,3,7,172,767,1,527,562,6175,2982,"Fri"
8378563200,"2016-04-30",2946,2.33999991416931,2.33999991416931,0,0,0,2.33999991416931,0,0,0,121,780,1,468,555,2946,2660,"Sat"
8378563200,"2016-05-01",11419,9.0600004196167,9.0600004196167,0,6.03000020980835,0.560000002384186,2.47000002861023,0,71,10,127,669,1,475,539,11419,3369,"Sun"
8378563200,"2016-05-02",6064,4.80999994277954,4.80999994277954,2.0921471118927,0.629999995231628,0.170000001788139,4.01000022888184,0,63,4,142,802,1,351,385,6064,3491,"Mon"
8378563200,"2016-05-03",8712,6.90999984741211,6.90999984741211,2.25308108329773,1.3400000333786,1.05999994277954,4.5,0,71,20,195,822,1,405,429,8712,3784,"Tue"
8378563200,"2016-05-04",7875,6.23999977111816,6.23999977111816,0,1.55999994277954,0.490000009536743,4.19999980926514,0,19,10,167,680,1,441,477,7875,3110,"Wed"
8378563200,"2016-05-05",8567,6.78999996185303,6.78999996185303,2.25308108329773,0.889999985694885,0.159999996423721,5.73999977111816,0,66,3,214,764,1,381,417,8567,3783,"Thu"
8378563200,"2016-05-06",7045,5.59000015258789,5.59000015258789,2.0921471118927,1.54999995231628,0.25,3.77999997138977,0,74,5,166,831,1,323,355,7045,3644,"Fri"
8378563200,"2016-05-07",4468,3.53999996185303,3.53999996185303,0,0,0,3.53999996185303,0,0,0,158,851,2,459,513,4468,2799,"Sat"
8378563200,"2016-05-08",2943,2.32999992370605,2.32999992370605,0,0,0,2.32999992370605,0,0,0,139,621,1,545,606,2943,2685,"Sun"
8378563200,"2016-05-09",8382,6.65000009536743,6.65000009536743,2.0921471118927,1.26999998092651,0.660000026226044,4.71999979019165,0,71,13,171,772,1,359,399,8382,3721,"Mon"
8378563200,"2016-05-10",6582,5.21999979019165,5.21999979019165,2.25308108329773,0.660000026226044,0.639999985694885,3.92000007629395,0,63,13,152,840,1,342,391,6582,3586,"Tue"
8378563200,"2016-05-11",9143,7.25,7.25,2.0921471118927,1.38999998569489,0.589999973773956,5.26999998092651,0,72,10,184,763,1,368,387,9143,3788,"Wed"
8378563200,"2016-05-12",4561,3.61999988555908,3.61999988555908,0,0.649999976158142,0.270000010728836,2.69000005722046,0,8,6,102,433,1,496,546,4561,1976,"Thu"
8583815059,"2016-04-12",5014,3.91000008583069,3.91000008583069,0,0,0.330000013113022,3.57999992370605,0,0,7,196,1237,NA,NA,NA,5014,2650,"Tue"
8583815059,"2016-04-13",5571,4.34999990463257,4.34999990463257,0,0.150000005960464,0.970000028610229,3.23000001907349,0,2,23,163,1252,NA,NA,NA,5571,2654,"Wed"
8583815059,"2016-04-14",3135,2.45000004768372,2.45000004768372,0,0,0,2.4300000667572,0,0,0,134,1306,NA,NA,NA,3135,2443,"Thu"
8583815059,"2016-04-15",3430,2.6800000667572,2.6800000667572,0,0,0,0.899999976158142,0,0,0,65,1375,NA,NA,NA,3430,2505,"Fri"
8583815059,"2016-04-16",5319,4.15000009536743,4.15000009536743,0,0,0,0,0,0,0,0,1440,NA,NA,NA,5319,2693,"Sat"
8583815059,"2016-04-17",3008,2.34999990463257,2.34999990463257,0,0,0,0,0,0,0,0,1440,NA,NA,NA,3008,2439,"Sun"
8583815059,"2016-04-18",3864,3.00999999046326,3.00999999046326,0,0.310000002384186,1.05999994277954,1.35000002384186,0,4,22,105,1309,NA,NA,NA,3864,2536,"Mon"
8583815059,"2016-04-19",5697,4.44000005722046,4.44000005722046,0,0.529999971389771,0.479999989271164,3.44000005722046,0,7,10,166,1257,NA,NA,NA,5697,2668,"Tue"
8583815059,"2016-04-20",5273,4.1100001335144,4.1100001335144,0,0,1.03999996185303,3.0699999332428,0,0,27,167,1246,NA,NA,NA,5273,2647,"Wed"
8583815059,"2016-04-21",8538,6.65999984741211,6.65999984741211,0,2.63000011444092,1.01999998092651,3.00999999046326,0,35,18,158,1229,NA,NA,NA,8538,2883,"Thu"
8583815059,"2016-04-22",8687,6.78000020980835,6.78000020980835,0,0.28999999165535,2.41000008583069,4.07999992370605,0,4,54,212,1170,NA,NA,NA,8687,2944,"Fri"
8583815059,"2016-04-23",9423,7.34999990463257,7.34999990463257,0,0.529999971389771,2.02999997138977,4.75,0,7,44,238,1151,NA,NA,NA,9423,3012,"Sat"
8583815059,"2016-04-24",8286,6.46000003814697,6.46000003814697,0,0.150000005960464,2.04999995231628,4.26999998092651,0,2,44,206,1188,NA,NA,NA,8286,2889,"Sun"
8583815059,"2016-04-25",4503,3.50999999046326,3.50999999046326,0,1.47000002861023,0.239999994635582,1.80999994277954,0,18,6,122,1294,NA,NA,NA,4503,2547,"Mon"
8583815059,"2016-04-26",10499,8.1899995803833,8.1899995803833,0,0.0700000002980232,4.21999979019165,3.89000010490417,0,1,91,214,1134,NA,NA,NA,10499,3093,"Tue"
8583815059,"2016-04-27",12474,9.72999954223633,9.72999954223633,0,6.59999990463257,0.270000010728836,2.86999988555908,0,77,5,129,1229,NA,NA,NA,12474,3142,"Wed"
8583815059,"2016-04-28",6174,4.82000017166138,4.82000017166138,0,0,1.20000004768372,3.60999989509583,0,0,28,203,1209,NA,NA,NA,6174,2757,"Thu"
8583815059,"2016-04-29",15168,11.8299999237061,11.8299999237061,0,3.90000009536743,3,4.92000007629395,0,46,67,258,1069,NA,NA,NA,15168,3513,"Fri"
8583815059,"2016-04-30",10085,7.86999988555908,7.86999988555908,0,0.150000005960464,1.27999997138977,6.42999982833862,0,2,28,317,1093,NA,NA,NA,10085,3164,"Sat"
8583815059,"2016-05-01",4512,3.51999998092651,3.51999998092651,0,0.779999971389771,0.119999997317791,2.03999996185303,0,10,2,117,1311,NA,NA,NA,4512,2596,"Sun"
8583815059,"2016-05-02",8469,6.6100001335144,6.6100001335144,0,0,0,0,0,0,0,0,1440,NA,NA,NA,8469,2894,"Mon"
8583815059,"2016-05-03",12015,9.36999988555908,9.36999988555908,0,0,0,0,0,0,0,0,1440,NA,NA,NA,12015,3212,"Tue"
8583815059,"2016-05-04",3588,2.79999995231628,2.79999995231628,0,0,0,0,0,0,0,0,1440,NA,NA,NA,3588,2516,"Wed"
8583815059,"2016-05-05",12427,9.6899995803833,9.6899995803833,0,0,0,1.17999994754791,0,0,0,70,1370,NA,NA,NA,12427,3266,"Thu"
8583815059,"2016-05-06",5843,4.55999994277954,4.55999994277954,0,0.140000000596046,1.19000005722046,3.23000001907349,0,2,22,166,1250,NA,NA,NA,5843,2683,"Fri"
8583815059,"2016-05-07",6117,4.76999998092651,4.76999998092651,0,0,0,4.76999998092651,0,0,0,250,1190,NA,NA,NA,6117,2810,"Sat"
8583815059,"2016-05-08",9217,7.19000005722046,7.19000005722046,0,0.219999998807907,3.30999994277954,3.66000008583069,0,3,72,182,1183,NA,NA,NA,9217,2940,"Sun"
8583815059,"2016-05-09",9877,7.69999980926514,7.69999980926514,0,5.76000022888184,0.170000001788139,1.73000001907349,0,66,4,110,1260,NA,NA,NA,9877,2947,"Mon"
8583815059,"2016-05-10",8240,6.42999982833862,6.42999982833862,0,0.689999997615814,2.00999999046326,3.72000002861023,0,9,43,162,1226,NA,NA,NA,8240,2846,"Tue"
8583815059,"2016-05-11",8701,6.78999996185303,6.78999996185303,0,0.370000004768372,3.24000000953674,3.17000007629395,0,5,71,177,1106,NA,NA,NA,8701,2804,"Wed"
8583815059,"2016-05-12",0,0,0,0,0,0,0,0,0,0,0,1440,NA,NA,NA,0,0,"Thu"
8792009665,"2016-04-12",2564,1.63999998569489,1.63999998569489,0,0,0,1.63999998569489,0,0,0,116,831,1,458,493,2564,2044,"Tue"
8792009665,"2016-04-13",1320,0.839999973773956,0.839999973773956,0,0,0,0.839999973773956,0,0,0,82,806,1,531,552,1320,1934,"Wed"
8792009665,"2016-04-14",1219,0.779999971389771,0.779999971389771,0,0,0,0.779999971389771,0,0,0,84,853,1,486,503,1219,1963,"Thu"
8792009665,"2016-04-15",2483,1.5900000333786,1.5900000333786,0,0,0,1.5900000333786,0,0,0,126,937,1,363,377,2483,2009,"Fri"
8792009665,"2016-04-16",244,0.159999996423721,0.159999996423721,0,0,0,0.159999996423721,0,0,0,12,1428,NA,NA,NA,244,1721,"Sat"
8792009665,"2016-04-17",0,0,0,0,0,0,0,0,0,0,0,1440,NA,NA,NA,0,1688,"Sun"
8792009665,"2016-04-18",0,0,0,0,0,0,0,0,0,0,0,1440,NA,NA,NA,0,1688,"Mon"
8792009665,"2016-04-19",0,0,0,0,0,0,0,0,0,0,0,1440,NA,NA,NA,0,1688,"Tue"
8792009665,"2016-04-20",3147,2.00999999046326,2.00999999046326,0,0,0.280000001192093,1.74000000953674,0,0,10,139,744,1,528,547,3147,2188,"Wed"
8792009665,"2016-04-21",144,0.0900000035762787,0.0900000035762787,0,0,0,0.0900000035762787,0,0,0,9,1431,NA,NA,NA,144,1720,"Thu"
8792009665,"2016-04-22",4068,2.59999990463257,2.59999990463257,0,0.0500000007450581,0.280000001192093,2.26999998092651,0,1,20,195,817,1,391,407,4068,2419,"Fri"
8792009665,"2016-04-23",5245,3.35999989509583,3.35999989509583,0,0.159999996423721,0.439999997615814,2.75,0,8,45,232,795,1,339,360,5245,2748,"Sat"
8792009665,"2016-04-24",400,0.259999990463257,0.259999990463257,0,0.0399999991059303,0.0500000007450581,0.159999996423721,0,3,8,19,1410,NA,NA,NA,400,1799,"Sun"
8792009665,"2016-04-25",0,0,0,0,0,0,0,0,0,0,0,1440,NA,NA,NA,0,1688,"Mon"
8792009665,"2016-04-26",1321,0.850000023841858,0.850000023841858,0,0,0,0.850000023841858,0,0,0,80,1360,NA,NA,NA,1321,1928,"Tue"
8792009665,"2016-04-27",1758,1.12999999523163,1.12999999523163,0,0,0,1.12999999523163,0,0,0,112,900,1,423,428,1758,2067,"Wed"
8792009665,"2016-04-28",6157,3.94000005722046,3.94000005722046,0,0,0,3.94000005722046,0,0,0,310,714,1,402,416,6157,2780,"Thu"
8792009665,"2016-04-29",8360,5.34999990463257,5.34999990463257,0,0.140000000596046,0.280000001192093,4.92999982833862,0,6,14,380,634,1,398,406,8360,3101,"Fri"
8792009665,"2016-04-30",7174,4.59000015258789,4.59000015258789,0,0.330000013113022,0.360000014305115,3.91000008583069,0,10,20,301,749,1,343,360,7174,2896,"Sat"
8792009665,"2016-05-01",1619,1.03999996185303,1.03999996185303,0,0,0,1.03999996185303,0,0,0,79,834,1,503,527,1619,1962,"Sun"
8792009665,"2016-05-02",1831,1.16999995708466,1.16999995708466,0,0,0,1.16999995708466,0,0,0,101,916,1,415,423,1831,2015,"Mon"
8792009665,"2016-05-03",2421,1.54999995231628,1.54999995231628,0,0,0,1.54999995231628,0,0,0,156,739,1,516,545,2421,2297,"Tue"
8792009665,"2016-05-04",2283,1.46000003814697,1.46000003814697,0,0,0,1.46000003814697,0,0,0,129,848,1,439,463,2283,2067,"Wed"
8792009665,"2016-05-05",0,0,0,0,0,0,0,0,0,0,0,1440,NA,NA,NA,0,1688,"Thu"
8792009665,"2016-05-06",0,0,0,0,0,0,0,0,0,0,0,1440,NA,NA,NA,0,1688,"Fri"
8792009665,"2016-05-07",0,0,0,0,0,0,0,0,0,0,0,1440,NA,NA,NA,0,1688,"Sat"
8792009665,"2016-05-08",0,0,0,0,0,0,0,0,0,0,0,1440,NA,NA,NA,0,1688,"Sun"
8792009665,"2016-05-09",0,0,0,0,0,0,0,0,0,0,0,1440,NA,NA,NA,0,1688,"Mon"
8792009665,"2016-05-10",0,0,0,0,0,0,0,0,0,0,0,48,NA,NA,NA,0,57,"Tue"
8877689391,"2016-04-12",23186,20.3999996185303,20.3999996185303,0,12.2200002670288,0.340000003576279,7.82000017166138,0,85,7,312,1036,NA,NA,NA,23186,3921,"Tue"
8877689391,"2016-04-13",15337,9.57999992370605,9.57999992370605,0,3.54999995231628,0.379999995231628,5.6399998664856,0,108,18,216,1098,NA,NA,NA,15337,3566,"Wed"
8877689391,"2016-04-14",21129,18.9799995422363,18.9799995422363,0,10.5500001907349,0.589999973773956,7.75,0.0199999995529652,68,13,298,1061,NA,NA,NA,21129,3793,"Thu"
8877689391,"2016-04-15",13422,7.17000007629395,7.17000007629395,0,0.0500000007450581,0.0500000007450581,7.01000022888184,0.00999999977648258,106,1,281,1052,NA,NA,NA,13422,3934,"Fri"
8877689391,"2016-04-16",29326,25.2900009155273,25.2900009155273,0,13.2399997711182,1.21000003814697,10.710000038147,0,94,29,429,888,NA,NA,NA,29326,4547,"Sat"
8877689391,"2016-04-17",15118,8.86999988555908,8.86999988555908,0,0,0.0700000002980232,8.78999996185303,0,58,15,307,1060,NA,NA,NA,15118,3545,"Sun"
8877689391,"2016-04-18",11423,8.67000007629395,8.67000007629395,0,2.44000005722046,0.270000010728836,5.94000005722046,0,29,5,191,1215,NA,NA,NA,11423,2761,"Mon"
8877689391,"2016-04-19",18785,17.3999996185303,17.3999996185303,0,12.1499996185303,0.180000007152557,5.03000020980835,0,82,13,214,1131,NA,NA,NA,18785,3676,"Tue"
8877689391,"2016-04-20",19948,18.1100006103516,18.1100006103516,0,11.0200004577637,0.689999997615814,6.34000015258789,0,73,19,225,1123,NA,NA,NA,19948,3679,"Wed"
8877689391,"2016-04-21",19377,17.6200008392334,17.6200008392334,0,12.289999961853,0.419999986886978,4.8899998664856,0,82,13,226,1119,NA,NA,NA,19377,3659,"Thu"
8877689391,"2016-04-22",18258,16.3099994659424,16.3099994659424,0,10.2299995422363,0.0299999993294477,5.96999979019165,0.0500000007450581,61,2,236,1141,NA,NA,NA,18258,3427,"Fri"
8877689391,"2016-04-23",11200,7.42999982833862,7.42999982833862,0,0,0,7.40000009536743,0.00999999977648258,102,6,300,1032,NA,NA,NA,11200,3891,"Sat"
8877689391,"2016-04-24",16674,15.7399997711182,15.7399997711182,0,11.0100002288818,0.00999999977648258,4.69000005722046,0,64,1,227,1148,NA,NA,NA,16674,3455,"Sun"
8877689391,"2016-04-25",12986,8.73999977111816,8.73999977111816,0,2.36999988555908,0.0700000002980232,6.26999998092651,0.00999999977648258,113,8,218,1101,NA,NA,NA,12986,3802,"Mon"
8877689391,"2016-04-26",11101,8.43000030517578,8.43000030517578,0,1.75999999046326,0.129999995231628,6.5,0,22,3,258,1157,NA,NA,NA,11101,2860,"Tue"
8877689391,"2016-04-27",23629,20.6499996185303,20.6499996185303,0,13.0699996948242,0.439999997615814,7.09999990463257,0,93,8,235,1104,NA,NA,NA,23629,3808,"Wed"
8877689391,"2016-04-28",14890,11.3000001907349,11.3000001907349,0,4.92999982833862,0.379999995231628,5.96999979019165,0,58,8,231,1143,NA,NA,NA,14890,3060,"Thu"
8877689391,"2016-04-29",9733,7.3899998664856,7.3899998664856,0,1.37999999523163,0.170000001788139,5.78999996185303,0,18,5,210,1207,NA,NA,NA,9733,2698,"Fri"
8877689391,"2016-04-30",27745,26.7199993133545,26.7199993133545,0,21.6599998474121,0.0799999982118607,4.92999982833862,0,124,4,223,1089,NA,NA,NA,27745,4398,"Sat"
8877689391,"2016-05-01",10930,8.31999969482422,8.31999969482422,0,3.13000011444092,0.569999992847443,4.57000017166138,0,36,12,166,1226,NA,NA,NA,10930,2786,"Sun"
8877689391,"2016-05-02",4790,3.64000010490417,3.64000010490417,0,0,0,3.55999994277954,0,0,0,105,1335,NA,NA,NA,4790,2189,"Mon"
8877689391,"2016-05-03",10818,8.21000003814697,8.21000003814697,0,1.38999998569489,0.100000001490116,6.67000007629395,0.00999999977648258,19,3,229,1189,NA,NA,NA,10818,2817,"Tue"
8877689391,"2016-05-04",18193,16.2999992370605,16.2999992370605,0,10.4200000762939,0.310000002384186,5.53000020980835,0,66,8,212,1154,NA,NA,NA,18193,3477,"Wed"
8877689391,"2016-05-05",14055,10.6700000762939,10.6700000762939,0,5.46000003814697,0.819999992847443,4.36999988555908,0,67,15,188,1170,NA,NA,NA,14055,3052,"Thu"
8877689391,"2016-05-06",21727,19.3400001525879,19.3400001525879,0,12.789999961853,0.28999999165535,6.15999984741211,0,96,17,232,1095,NA,NA,NA,21727,4015,"Fri"
8877689391,"2016-05-07",12332,8.13000011444092,8.13000011444092,0,0.0799999982118607,0.959999978542328,6.98999977111816,0,105,28,271,1036,NA,NA,NA,12332,4142,"Sat"
8877689391,"2016-05-08",10686,8.10999965667725,8.10999965667725,0,1.08000004291534,0.200000002980232,6.80000019073486,0,17,4,245,1174,NA,NA,NA,10686,2847,"Sun"
8877689391,"2016-05-09",20226,18.25,18.25,0,11.1000003814697,0.800000011920929,6.23999977111816,0.0500000007450581,73,19,217,1131,NA,NA,NA,20226,3710,"Mon"
8877689391,"2016-05-10",10733,8.14999961853027,8.14999961853027,0,1.35000002384186,0.46000000834465,6.28000020980835,0,18,11,224,1187,NA,NA,NA,10733,2832,"Tue"
8877689391,"2016-05-11",21420,19.5599994659424,19.5599994659424,0,13.2200002670288,0.409999996423721,5.8899998664856,0,88,12,213,1127,NA,NA,NA,21420,3832,"Wed"
8877689391,"2016-05-12",8064,6.11999988555908,6.11999988555908,0,1.82000005245209,0.0399999991059303,4.25,0,23,1,137,770,NA,NA,NA,8064,1849,"Thu"
